"Rank","Player","RU_ATT","RU_YDS","Y/A","LG","20+","RU_TD","REC","TGT","RE_YDS","Y/R","RE_TD","FL","G","FPTS","FPTS/G","OWN"
"1","Derrick Henry (TEN)","378","2,027","5.4","94","0","17","19","31","114","6.0","0","2","16","314.1","19.6","100.0%"
"2","Alvin Kamara (NO)","187","932","5.0","49","0","16","83","107","756","9.1","5","0","15","294.8","19.7","100.0%"
"3","Dalvin Cook (MIN)","312","1,557","5.0","70","0","16","44","54","361","8.2","1","3","14","293.8","21.0","100.0%"
"4","Jonathan Taylor (IND)","232","1,169","5.0","62","0","11","36","40","299","8.3","1","1","15","216.8","14.5","99.9%"
"5","Aaron Jones (GB)","201","1,104","5.5","77","0","9","47","63","355","7.6","2","0","14","211.9","15.1","99.9%"
"6","David Montgomery (CHI)","247","1,070","4.3","80","0","8","54","68","438","8.1","2","1","15","210.8","14.1","97.9%"
"7","James Robinson (JAC)","240","1,070","4.5","47","0","7","49","60","344","7.0","3","1","14","201.4","14.4","90.7%"
"8","Josh Jacobs (LV)","273","1,065","3.9","28","0","12","33","45","238","7.2","0","2","15","198.3","13.2","97.5%"
"9","Nick Chubb (CLE)","190","1,067","5.6","59","0","12","16","18","150","9.4","0","1","12","191.7","16.0","99.9%"
"10","Kareem Hunt (CLE)","198","841","4.2","33","0","6","38","51","304","8.0","5","0","16","180.5","11.3","93.3%"
"11","Ezekiel Elliott (DAL)","244","979","4.0","31","0","6","52","71","338","6.5","2","5","15","171.7","11.4","99.9%"
"12","Kenyan Drake (LV)","239","955","4.0","69","0","10","25","31","137","5.5","0","1","15","167.2","11.1","77.2%"
"13","Melvin Gordon III (DEN)","215","986","4.6","65","0","9","32","44","158","4.9","1","4","15","166.4","11.1","82.9%"
"14","Antonio Gibson (WAS)","170","795","4.7","40","0","11","36","44","247","6.9","0","2","14","166.2","11.9","99.0%"
"15","Ronald Jones II (TB)","192","978","5.1","98","0","7","28","42","165","5.9","1","2","14","158.3","11.3","81.4%"
"16","Chris Carson (SEA)","141","681","4.8","29","0","5","37","46","287","7.8","4","0","12","150.8","12.6","97.5%"
"17","J.K. Dobbins (BAL)","134","805","6.0","72","0","9","18","24","120","6.7","0","0","15","150.5","10.0","97.9%"
"18","Mike Davis (ATL)","165","642","3.9","25","0","6","59","70","373","6.3","2","1","15","147.5","9.8","89.7%"
"19","David Johnson (HOU)","147","691","4.7","48","0","6","33","46","314","9.5","2","1","12","146.5","12.2","76.5%"
"20","D'Andre Swift (DET)","114","521","4.6","54","0","8","46","57","357","7.8","2","2","13","143.8","11.1","96.5%"
"21","Miles Sanders (PHI)","164","867","5.3","82","0","6","28","52","197","7.0","0","2","12","142.4","11.9","97.4%"
"22","Clyde Edwards-Helaire (KC)","181","803","4.4","31","0","4","36","54","297","8.3","1","0","13","140.0","10.8","98.8%"
"23","Todd Gurley II (FA)","195","678","3.5","35","0","9","25","35","164","6.6","0","0","15","138.2","9.2","4.5%"
"24","Nyheim Hines (IND)","89","380","4.3","31","0","3","63","76","482","7.7","4","0","16","130.2","8.1","58.1%"
"25","James Conner (ARI)","169","721","4.3","59","0","6","35","43","215","6.1","0","0","13","129.6","10.0","75.4%"
"26","Jeff Wilson Jr. (SF)","126","600","4.8","34","0","7","13","28","133","10.2","3","2","12","129.3","10.8","6.0%"
"27","Myles Gaskin (MIA)","142","584","4.1","26","0","3","41","47","388","9.5","2","2","10","123.2","12.3","93.1%"
"28","Gus Edwards (BAL)","144","723","5.0","36","0","6","9","13","129","14.3","0","1","16","119.2","7.5","46.8%"
"29","Wayne Gallman (SF)","147","682","4.6","60","0","6","21","27","114","5.4","0","0","15","115.6","7.7","2.2%"
"30","Chase Edmonds (ARI)","97","448","4.6","32","0","1","53","67","402","7.6","4","0","16","115.0","7.2","90.5%"
"31","Darrell Henderson (LAR)","138","624","4.5","40","0","5","16","24","159","9.9","1","0","15","114.3","7.6","92.0%"
"32","Latavius Murray (NO)","146","656","4.5","36","0","4","23","26","176","7.7","1","0","15","113.2","7.5","32.2%"
"33","Adrian Peterson (FA)","156","604","3.9","38","0","7","12","18","101","8.4","0","0","16","112.5","7.0","0.7%"
"34","J.D. McKissic (WAS)","85","365","4.3","17","0","1","80","110","589","7.4","2","1","16","111.4","7.0","39.0%"
"35","Austin Ekeler (LAC)","116","530","4.6","27","0","1","54","65","403","7.5","2","0","10","111.3","11.1","99.7%"
"36","Giovani Bernard (TB)","124","416","3.4","15","0","3","47","59","355","7.6","3","1","16","111.1","6.9","11.0%"
"37","Devin Singletary (BUF)","156","687","4.4","51","0","2","38","50","269","7.1","0","1","16","105.6","6.6","58.5%"
"38","Jamaal Williams (DET)","119","505","4.2","25","0","2","31","35","236","7.6","1","0","14","96.1","6.9","52.2%"
"39","Leonard Fournette (TB)","97","367","3.8","46","0","6","36","47","233","6.5","0","0","13","96.0","7.4","86.4%"
"40","Jerick McKinnon (KC)","81","319","3.9","55","0","5","33","46","253","7.7","1","0","16","93.2","5.8","3.6%"
"41","Tony Pollard (DAL)","101","435","4.3","42","0","4","28","40","193","6.9","1","0","16","92.8","5.8","39.3%"
"42","Cam Akers (LAR)","145","625","4.3","61","0","2","11","14","123","11.2","1","1","12","90.8","7.6","19.8%"
"43","Zack Moss (BUF)","112","481","4.3","31","0","4","14","18","95","6.8","1","0","13","87.6","6.7","73.5%"
"44","Damien Harris (NE)","137","691","5.0","41","0","2","5","7","52","10.4","0","0","10","86.3","8.6","82.5%"
"45","Malcolm Brown (MIA)","101","419","4.1","19","0","5","23","33","162","7.0","0","1","16","86.1","5.4","6.8%"
"46","Frank Gore (FA)","187","653","3.5","17","0","2","16","19","89","5.6","0","1","15","84.2","5.6","12.1%"
"47","Raheem Mostert (SF)","104","521","5.0","80","0","2","16","19","156","9.8","1","1","8","83.7","10.5","88.4%"
"48","Rex Burkhead (HOU)","67","274","4.1","18","0","3","25","33","192","7.7","3","0","10","82.6","8.3","0.9%"
"49","Joe Mixon (CIN)","119","428","3.6","34","0","3","21","26","138","6.6","1","1","6","78.6","13.1","98.9%"
"50","Alexander Mattison (MIN)","96","434","4.5","25","0","2","13","15","125","9.6","1","0","13","73.9","5.7","30.1%"
"51","Christian McCaffrey (CAR)","59","225","3.8","15","0","5","17","19","149","8.8","1","0","3","73.3","24.4","100.0%"
"52","Boston Scott (PHI)","80","374","4.7","56","0","1","25","36","212","8.5","1","0","16","70.6","4.4","4.9%"
"53","Brian Hill (TEN)","100","465","4.7","62","0","1","25","30","199","8.0","0","1","16","70.4","4.4","0.4%"
"54","Carlos Hyde (JAC)","81","356","4.4","50","0","4","16","20","93","5.8","0","0","10","68.9","6.9","1.9%"
"55","Devontae Booker (NYG)","93","423","4.5","43","0","3","17","21","84","4.9","0","0","16","68.7","4.3","6.2%"
"56","Sony Michel (NE)","79","449","5.7","48","0","1","7","9","114","16.3","1","0","9","68.3","7.6","7.0%"
"57","James White (NE)","35","121","3.5","10","0","2","49","62","375","7.7","1","0","14","67.6","4.8","23.0%"
"58","Kalen Ballage (PIT)","91","303","3.3","17","0","3","29","37","166","5.7","0","0","11","64.9","5.9","0.6%"
"59","Benny Snell Jr. (PIT)","111","368","3.3","30","0","4","10","14","61","6.1","0","1","16","64.9","4.1","3.0%"
"60","Kyle Juszczyk (SF)","17","64","3.8","10","0","2","19","29","202","10.6","4","0","16","62.6","3.9","0.8%"
"61","Phillip Lindsay (HOU)","118","502","4.3","55","0","1","7","14","28","4.0","0","0","11","59.0","5.4","34.9%"
"62","Le'Veon Bell (FA)","82","328","4.0","16","0","2","16","20","138","8.6","0","0","11","58.6","5.3","2.1%"
"63","Joshua Kelley (LAC)","111","354","3.2","33","0","2","23","23","148","6.4","0","2","14","58.2","4.2","2.3%"
"64","Salvon Ahmed (MIA)","75","319","4.3","31","0","3","11","14","61","5.5","0","0","6","58.0","9.7","3.5%"
"65","Duke Johnson Jr. (FA)","77","235","3.1","23","0","1","28","35","249","8.9","1","2","11","56.4","5.1","0.9%"
"66","Samaje Perine (CIN)","63","301","4.8","46","0","3","11","12","66","6.0","0","0","16","54.7","3.4","1.3%"
"67","Kerryon Johnson (PHI)","52","181","3.5","14","0","2","19","26","187","9.8","1","1","16","52.8","3.3","1.0%"
"68","Peyton Barber (WAS)","94","258","2.7","15","0","4","4","7","12","3.0","0","0","16","51.0","3.2","0.4%"
"69","Jordan Wilkins (IND)","84","308","3.7","22","0","1","12","16","105","8.8","0","0","15","49.3","3.3","0.1%"
"70","Ty Johnson (NYJ)","54","254","4.7","34","0","1","16","21","99","6.2","1","0","13","47.3","3.6","1.7%"
"71","Mark Ingram II (HOU)","72","299","4.2","30","0","2","6","8","50","8.3","0","0","11","46.9","4.3","5.6%"
"72","Justin Jackson (LAC)","59","270","4.6","36","0","0","19","24","173","9.1","0","0","9","46.3","5.1","3.0%"
"73","La'Mical Perine (NYJ)","64","232","3.6","20","0","2","11","15","63","5.7","0","0","10","41.5","4.2","1.5%"
"74","Ito Smith (ARI)","63","268","4.3","24","0","1","17","26","75","4.4","0","0","14","40.3","2.9","0.2%"
"75","DeeJay Dallas (SEA)","34","108","3.2","13","0","2","17","20","111","6.5","1","0","12","39.9","3.3","1.2%"
"76","AJ Dillon (GB)","46","242","5.3","30","0","2","2","2","21","10.5","0","0","11","38.3","3.5","70.6%"
"77","Dion Lewis (FA)","29","115","4.0","19","0","2","19","30","127","6.7","1","2","16","38.2","2.4","2.0%"
"78","Alfred Morris (NYG)","55","238","4.3","20","0","1","3","4","19","6.3","1","0","9","37.7","4.2","0.1%"
"79","Darrel Williams (KC)","39","169","4.3","13","0","1","18","26","116","6.4","0","0","16","36.5","2.3","10.4%"
"80","Matt Breida (BUF)","59","254","4.3","24","0","0","9","10","96","10.7","0","1","12","33.0","2.8","0.8%"
"81","Jalen Richard (LV)","22","123","5.6","20","0","1","19","23","138","7.3","0","0","13","32.1","2.5","0.3%"
"82","Jeremy McNichols (TEN)","47","204","4.3","20","0","1","12","17","55","4.6","0","0","16","31.9","2.0","0.3%"
"83","Josh Adams (NYJ)","29","157","5.4","25","0","2","6","8","29","4.8","0","0","8","30.6","3.8","0.1%"
"84","Jordan Howard (PHI)","35","60","1.7","11","0","4","1","1","-3","-3.0","0","0","7","29.7","4.2","0.2%"
"85","Devonta Freeman (NO)","54","172","3.2","14","0","1","7","10","58","8.3","0","0","5","29.0","5.8","0.7%"
"86","Rodney Smith (CAR)","41","156","3.8","13","0","1","9","11","59","6.6","0","0","7","27.5","3.9","0.1%"
"87","Darwin Thompson (KC)","27","97","3.6","14","0","1","7","11","65","9.3","1","1","13","26.2","2.0","0.1%"
"88","Royce Freeman (DEN)","35","170","4.9","23","0","0","12","13","81","6.8","0","0","16","25.1","1.6","0.2%"
"89","JaMycal Hasty (SF)","39","148","3.8","20","0","1","7","8","33","4.7","0","0","8","24.1","3.0","0.1%"
"90","Travis Homer (SEA)","25","88","3.5","12","0","0","9","10","90","10.0","1","0","9","23.8","2.6","0.3%"
"91","Chris Thompson (FA)","7","20","2.9","5","0","0","20","23","146","7.3","1","0","8","22.6","2.8","0.0%"
"92","Ameer Abdullah (MIN)","8","42","5.3","13","0","0","8","9","58","7.3","2","0","16","22.0","1.4","0.3%"
"93","Antonio Williams (BUF)","12","63","5.3","18","0","2","1","1","20","20.0","0","0","1","20.3","20.3","0.1%"
"94","Alex Collins (SEA)","18","77","4.3","13","0","2","1","2","4","4.0","0","0","3","20.1","6.7","0.1%"
"95","Dare Ogunbowale (JAC)","32","145","4.5","25","0","0","10","20","54","5.4","0","0","14","19.9","1.4","0.1%"
"96","Ke'Shawn Vaughn (TB)","26","109","4.2","19","0","0","5","10","34","6.8","1","1","10","18.3","1.8","1.3%"
"97","D'Ernest Johnson (CLE)","33","166","5.0","28","0","0","3","4","14","4.7","0","0","16","18.0","1.1","0.3%"
"98","C.J. Ham (MIN)","5","18","3.6","10","0","0","8","14","97","12.1","1","0","15","17.5","1.2","0.1%"
"99","Alec Ingold (LV)","3","4","1.3","3","0","0","12","17","110","9.2","1","0","16","17.4","1.1","0.1%"
"100","Trayveon Williams (CIN)","26","157","6.0","55","0","0","5","5","30","6.0","0","1","10","16.7","1.7","0.3%"
"101","Anthony McFarland Jr. (PIT)","33","113","3.4","20","0","0","6","10","54","9.0","0","0","11","16.7","1.5","0.8%"
"102","D'Onta Foreman (ATL)","22","95","4.3","15","0","0","1","1","5","5.0","1","0","6","16.0","2.7","0.1%"
"103","Corey Clement (NYG)","21","75","3.6","7","0","1","5","6","25","5.0","0","0","15","16.0","1.1","0.1%"
"104","T.J. Yeldon (FA)","10","70","7.0","34","0","0","1","4","22","22.0","1","0","3","15.2","5.1","0.0%"
"105","Tyler Ervin (FA)","13","67","5.2","21","0","0","11","15","84","7.6","0","0","8","15.1","1.9","0.0%"
"106","Reggie Bonnafon (CAR)","12","69","5.8","22","0","0","2","2","18","9.0","1","0","2","14.7","7.4","0.1%"
"107","Darrynton Evans (TEN)","14","54","3.9","9","0","0","2","4","27","13.5","1","0","5","14.1","2.8","5.1%"
"108","LeSean McCoy (FA)","10","31","3.1","14","0","0","15","19","101","6.7","0","0","10","13.2","1.3","1.1%"
"109","Mike Boone (DEN)","11","59","5.4","19","0","1","2","2","10","5.0","0","0","16","12.9","0.8","0.6%"
"110","Ty Montgomery (NO)","19","101","5.3","36","0","0","3","6","27","9.0","0","0","6","12.8","2.1","0.3%"
"111","Ryan Nall (CHI)","3","0","0.0","0","0","0","8","9","67","8.4","1","0","15","12.7","0.8","0.1%"
"112","DeAndre Washington (FA)","31","91","2.9","16","0","0","5","10","30","6.0","0","0","4","12.1","3.0","11.0%"
"113","Patrick Laird (MIA)","13","72","5.5","17","0","0","10","12","68","6.8","0","1","16","12.0","0.8","0.0%"
"114","Troymaine Pope (TB)","15","76","5.1","26","0","0","8","10","42","5.3","0","0","6","11.8","2.0","0.0%"
"115","Tarik Cohen (CHI)","14","74","5.3","17","0","0","6","9","41","6.8","0","0","3","11.5","3.8","18.5%"
"116","J.J. Taylor (NE)","23","110","4.8","28","0","0","1","2","4","4.0","0","0","6","11.4","1.9","0.2%"
"117","Jakob Johnson (NE)","0","0","0","0","0","0","8","9","35","4.4","1","0","16","9.5","0.6","0.0%"
"118","Saquon Barkley (NYG)","19","34","1.8","18","0","0","6","9","60","10.0","0","0","2","9.4","4.7","99.9%"
"119","Artavis Pierce (CHI)","6","34","5.7","23","0","1","0","0","0","0","0","0","5","9.4","1.9","0.0%"
"120","Tevin Coleman (NYJ)","28","53","1.9","12","0","0","4","5","34","8.5","0","0","8","8.7","1.1","10.0%"
"121","Patrick Ricard (BAL)","1","-1","-1.0","0","0","0","9","12","45","5.0","1","1","15","8.0","0.5","0.1%"
"122","Justice Hill (BAL)","12","60","5.0","19","0","0","5","5","20","4.0","0","0","12","8.0","0.7","0.3%"
"123","C.J. Prosise (TB)","10","19","1.9","7","0","0","5","5","18","3.6","1","1","10","7.7","0.8","0.0%"
"124","Reggie Gilliam (BUF)","0","0","0","0","0","0","2","2","16","8.0","1","0","14","7.6","0.5","0.0%"
"125","Jaylen Samuels (PIT)","9","28","3.1","6","0","0","9","14","46","5.1","0","0","14","7.4","0.5","0.3%"
"126","Anthony Sherman (FA)","3","8","2.7","6","0","0","1","2","5","5.0","1","0","12","7.3","0.6","0.0%"
"127","Jonathan Ward (ARI)","0","0","0","0","0","0","1","1","11","11.0","1","0","14","7.1","0.5","0.1%"
"128","Buddy Howell (HOU)","16","64","4.0","9","0","0","1","2","3","3.0","0","0","14","6.7","0.5","0.0%"
"129","Keith Smith (ATL)","4","7","1.8","3","0","0","11","15","59","5.4","0","0","16","6.6","0.4","0.0%"
"130","Theo Riddick (LV)","6","14","2.3","11","0","0","5","6","43","8.6","0","0","5","5.7","1.1","0.0%"
"131","Marlon Mack (IND)","4","26","6.5","18","0","0","3","3","30","10.0","0","0","1","5.6","5.6","9.6%"
"132","Dontrell Hilliard (HOU)","9","48","5.3","19","0","0","1","1","2","2.0","0","0","7","5.0","0.7","0.0%"
"133","Trenton Cannon (CAR)","10","33","3.3","13","0","0","3","3","16","5.3","0","0","14","4.9","0.4","0.0%"
"134","Michael Burton (KC)","7","18","2.6","7","0","0","4","4","28","7.0","0","0","15","4.6","0.3","0.0%"
"135","Devine Ozigbo (JAC)","1","1","1.0","1","0","0","9","9","42","4.7","0","0","8","4.3","0.5","0.0%"
"136","Khari Blasingame (TEN)","0","0","0","0","0","0","4","5","39","9.8","0","0","15","3.9","0.3","0.0%"
"137","Elijhaa Penny (NYG)","6","15","2.5","5","0","0","2","3","20","10.0","0","0","14","3.5","0.3","0.0%"
"138","Rashaad Penny (SEA)","11","34","3.1","7","0","0","0","0","0","0","0","0","3","3.4","1.1","14.6%"
"139","Bo Scarbrough (LV)","6","31","5.2","12","0","0","0","0","0","0","0","0","1","3.1","3.1","0.0%"
"140","Austin Walter (NYJ)","1","3","3.0","3","0","0","1","1","27","27.0","0","0","4","3.0","0.8","0.0%"
"141","Alex Armah (NO)","6","9","1.5","3","0","0","5","9","18","3.6","0","0","16","2.7","0.2","0.0%"
"142","Rico Dowdle (DAL)","7","24","3.4","7","0","0","0","0","0","0","0","0","15","2.4","0.2","0.1%"
"143","Jason Huntley (PHI)","5","19","3.8","10","0","0","1","2","0","0.0","0","0","5","1.9","0.4","0.1%"
"144","Andy Janovich (CLE)","2","4","2.0","2","0","0","2","5","13","6.5","0","0","14","1.7","0.1","0.1%"
"145","Scottie Phillips (HOU)","2","9","4.5","5","0","0","1","1","7","7.0","0","0","8","1.6","0.2","0.0%"
"146","LeVante Bellamy (DEN)","4","11","2.8","8","0","0","1","1","5","5.0","0","0","5","1.6","0.3","0.0%"
"147","Dwayne Washington (NO)","8","15","1.9","5","0","0","0","0","0","0","0","0","11","1.5","0.1","0.0%"
"148","Tony Jones Jr. (NO)","3","13","4.3","6","0","0","0","0","0","0","0","0","1","1.3","1.3","0.1%"
"149","Senorise Perry (FA)","2","9","4.5","6","0","0","0","0","0","0","0","0","7","0.9","0.1","0.0%"
"150","Chandler Cox (FA)","0","0","0","0","0","0","2","2","9","4.5","0","0","8","0.9","0.1","0.0%"
"151","D.J. Foster (FA)","2","2","1.0","2","0","0","1","1","7","7.0","0","0","10","0.9","0.1","0.0%"
"152","Gabe Nabers (LAC)","2","7","3.5","4","0","0","5","7","25","5.0","2","0","16","0.8","0.1","0.0%"
"153","Dexter Williams (GB)","2","8","4.0","5","0","0","0","0","0","0","0","0","3","0.8","0.3","0.1%"
"154","Craig Reynolds (DET)","1","4","4.0","4","0","0","1","1","3","3.0","0","0","2","0.7","0.4","0.1%"
"155","Lamar Miller (WAS)","0","0","0","0","0","0","2","2","6","3.0","0","0","1","0.6","0.6","0.1%"
"156","Cullen Gillaspia (NYG)","0","0","0","0","0","0","1","1","6","6.0","0","0","7","0.6","0.1","0.0%"
"157","Jonathan Williams (WAS)","1","5","5.0","5","0","0","4","4","21","5.3","0","1","5","0.6","0.1","0.0%"
"158","Tony Brooks-James (PIT)","3","4","1.3","4","0","0","0","0","0","0","0","0","1","0.4","0.4","0.0%"
"159","Qadree Ollison (ATL)","1","3","3.0","3","0","0","0","0","0","0","0","0","3","0.3","0.1","1.6%"
"160","Chuba Hubbard (CAR)","0","0","0","0","0","0","0","0","0","0","0","0","0","0","0","10.4%"
"161","Jason Cabinda (DET)","1","0","0.0","0","0","0","2","3","8","4.0","0","0","16","0.0","0.0","0.0%"
"162","Cameron Scarlett (SEA)","0","0","0","0","0","0","0","0","0","0","0","0","0","0","0","0.0%"
"163","Mikey Daniel (CAR)","0","0","0","0","0","0","0","0","0","0","0","0","0","0","0","0.0%"
"164","Malcolm Perry (MIA)","3","5","1.7","6","0","0","9","13","92","10.2","1","0","9","0.0","0.0","0.0%"
"165","Nathan Cottrell (JAC)","0","0","0","0","0","0","0","0","0","0","0","0","8","0.0","0.0","0.0%"
"166","Jake Bargas (MIN)","0","0","0","0","0","0","0","0","0","0","0","0","1","0.0","0.0","0.0%"
"167","Josh Hokit (SF)","0","0","0","0","0","0","0","0","0","0","0","0","0","0","0","0.0%"
"168","Jermar Jefferson (DET)","0","0","0","0","0","0","0","0","0","0","0","0","0","0","0","0.7%"
"169","Pete Guerriero (PIT)","0","0","0","0","0","0","0","0","0","0","0","0","0","0","0","0.0%"
"170","Raymond Calais (LAR)","0","0","0","0","0","0","0","0","0","0","0","0","4","0.0","0.0","0.2%"
"171","Ty'Son Williams (BAL)","0","0","0","0","0","0","0","0","0","0","0","0","0","0","0","0.0%"
"172","John Kelly (CLE)","0","0","0","0","0","0","0","0","0","0","0","0","0","0","0","0.0%"
"173","Sewo Olonilua (DAL)","0","0","0","0","0","0","0","0","0","0","0","0","2","0.0","0.0","0.0%"
"174","Pooka Williams Jr. (CIN)","0","0","0","0","0","0","0","0","0","0","0","0","0","0","0","0.0%"
"175","Trey Edmunds (PIT)","0","0","0","0","0","0","0","0","0","0","0","0","4","0.0","0.0","0.0%"
"176","Patrick Taylor Jr. (GB)","0","0","0","0","0","0","0","0","0","0","0","0","0","0","0","0.0%"
"177","Deon Jackson (IND)","0","0","0","0","0","0","0","0","0","0","0","0","0","0","0","0.0%"
"178","Sandro Platzgummer (NYG)","0","0","0","0","0","0","0","0","0","0","0","0","0","0","0","0.0%"
"179","Demetric Felton (CLE)","0","0","0","0","0","0","0","0","0","0","0","0","0","0","0","0.1%"
"180","Mekhi Sargent (TEN)","0","0","0","0","0","0","0","0","0","0","0","0","0","0","0","0.0%"
"181","Jaret Patterson (WAS)","0","0","0","0","0","0","0","0","0","0","0","0","0","0","0","0.6%"
"182","Trey Ragas (LV)","0","0","0","0","0","0","0","0","0","0","0","0","0","0","0","0.0%"
"183","Larry Rountree III (LAC)","0","0","0","0","0","0","0","0","0","0","0","0","0","0","0","0.9%"
"184","Andrew Beck (DEN)","0","0","0","0","0","0","0","0","0","0","0","0","10","0.0","0.0","0.0%"
"185","John Lovett (FA)","3","6","2.0","4","0","0","0","0","0","0","0","0","8","0.0","0.0","0.0%"
"186","Jeremy Cox (FA)","0","0","0","0","0","0","0","0","0","0","0","0","7","0.0","0.0","0.1%"
"187","Dalyn Dawkins (DET)","0","0","0","0","0","0","0","0","0","0","0","0","0","0","0","0.1%"
"188","Aca'Cedric Ware (TB)","0","0","0","0","0","0","0","0","0","0","0","0","0","0","0","0.0%"
"189","Jacques Patrick (CIN)","0","0","0","0","0","0","0","0","0","0","0","0","0","0","0","0.0%"
"190","Jordan Scarlett (MIA)","0","0","0","0","0","0","0","0","0","0","0","0","0","0","0","0.0%"
"191","Sutton Smith (NO)","0","0","0","0","0","0","0","0","0","0","0","0","0","0","0","0.0%"
"192","Damarea Crockett (DEN)","0","0","0","0","0","0","0","0","0","0","0","0","0","0","0","0.0%"
"193","Mike Weber (NYG)","0","0","0","0","0","0","0","0","0","0","0","0","0","0","0","0.0%"
"194","Elijah Holyfield (PHI)","0","0","0","0","0","0","0","0","0","0","0","0","1","0.0","0.0","0.0%"
"195","Christian Wade (BUF)","0","0","0","0","0","0","0","0","0","0","0","0","0","0","0","0.0%"
"196","Caleb Huntley (ATL)","0","0","0","0","0","0","0","0","0","0","0","0","0","0","0","0.0%"
"197","Michael Warren II (DET)","0","0","0","0","0","0","0","0","0","0","0","0","1","0.0","0.0","0.0%"
"198","Trey Sermon (SF)","0","0","0","0","0","0","0","0","0","0","0","0","0","0","0","72.6%"
"199","Javon Leake (DET)","0","0","0","0","0","0","0","0","0","0","0","0","1","0.0","0.0","0.0%"
"200","Tavien Feaster (ARI)","0","0","0","0","0","0","0","0","0","0","0","0","0","0","0","0.0%"
"201","Donnie Ernsberger (TEN)","0","0","0","0","0","0","0","0","0","0","0","0","0","0","0","0.0%"
"202","Darius Anderson (IND)","0","0","0","0","0","0","0","0","0","0","0","0","0","0","0","0.0%"
"203","Darius Bradwell (LAC)","0","0","0","0","0","0","0","0","0","0","0","0","2","0.0","0.0","0.0%"
"204","Benny LeMay (IND)","0","0","0","0","0","0","0","0","0","0","0","0","0","0","0","0.0%"
"205","Xavier Jones (LAR)","0","0","0","0","0","0","0","0","0","0","0","0","13","0.0","0.0","7.4%"
"206","Chris Johnson (NYG)","0","0","0","0","0","0","0","0","0","0","0","0","0","0","0","0.0%"
"207","Eno Benjamin (ARI)","0","0","0","0","0","0","0","0","0","0","0","0","0","0","0","0.4%"
"208","Derrick Gore (KC)","0","0","0","0","0","0","0","0","0","0","0","0","0","0","0","0.0%"
"209","Johnny Stanton (CLE)","0","0","0","0","0","0","0","0","0","0","0","0","1","0.0","0.0","0.0%"
"210","Travis Etienne (JAC)","0","0","0","0","0","0","0","0","0","0","0","0","0","0","0","91.5%"
"211","Najee Harris (PIT)","0","0","0","0","0","0","0","0","0","0","0","0","0","0","0","98.8%"
"212","Kylin Hill (GB)","0","0","0","0","0","0","0","0","0","0","0","0","0","0","0","0.7%"
"213","Stevie Scott III (NO)","0","0","0","0","0","0","0","0","0","0","0","0","0","0","0","0.0%"
"214","CJ Marable (CHI)","0","0","0","0","0","0","0","0","0","0","0","0","0","0","0","0.0%"
"215","Elijah Mitchell (SF)","0","0","0","0","0","0","0","0","0","0","0","0","0","0","0","0.8%"
"216","Chris Evans (CIN)","0","0","0","0","0","0","0","0","0","0","0","0","0","0","0","0.8%"
"217","Khalil Herbert (CHI)","0","0","0","0","0","0","0","0","0","0","0","0","0","0","0","0.7%"
"218","Javian Hawkins (ATL)","0","0","0","0","0","0","0","0","0","0","0","0","0","0","0","1.7%"
"219","Javonte Williams (DEN)","0","0","0","0","0","0","0","0","0","0","0","0","0","0","0","84.8%"
"220","Michael Carter (NYJ)","0","0","0","0","0","0","0","0","0","0","0","0","0","0","0","73.4%"
"221","Rhamondre Stevenson (NE)","0","0","0","0","0","0","0","0","0","0","0","0","0","0","0","6.0%"
"222","Darius Clark (CAR)","0","0","0","0","0","0","0","0","0","0","0","0","0","0","0","0.0%"
"223","Jake Funk (LAR)","0","0","0","0","0","0","0","0","0","0","0","0","0","0","0","2.0%"
"224","Kene Nwangwu (MIN)","0","0","0","0","0","0","0","0","0","0","0","0","0","0","0","0.2%"
"225","Nick Ralston (DAL)","0","0","0","0","0","0","0","0","0","0","0","0","0","0","0","0.0%"
"226","Otis Anderson Jr. (LAR)","0","0","0","0","0","0","0","0","0","0","0","0","0","0","0","0.0%"
"227","Nate McCrary (BAL)","0","0","0","0","0","0","0","0","0","0","0","0","0","0","0","0.0%"
"228","Josh Johnson (SEA)","0","0","0","0","0","0","0","0","0","0","0","0","0","0","0","0.0%"
"229","Adam Prentice (DEN)","0","0","0","0","0","0","0","0","0","0","0","0","0","0","0","0.0%"
"230","Tre Harbison (CLE)","0","0","0","0","0","0","0","0","0","0","0","0","0","0","0","0.0%"
"231","Garrett Groshek (LV)","0","0","0","0","0","0","0","0","0","0","0","0","0","0","0","0.0%"
"232","B.J. Emmons (LV)","0","0","0","0","0","0","0","0","0","0","0","0","0","0","0","0.0%"
"233","Carl Tucker (MIA)","0","0","0","0","0","0","0","0","0","0","0","0","0","0","0","0.0%"
"234","A.J. Rose Jr. (MIN)","0","0","0","0","0","0","0","0","0","0","0","0","0","0","0","0.0%"
"235","Spencer Brown (CAR)","0","0","0","0","0","0","0","0","0","0","0","0","0","0","0","0.0%"
"236","Dedrick Mills (DET)","0","0","0","0","0","0","0","0","0","0","0","0","0","0","0","0.0%"
"237","JaQuan Hardy (DAL)","0","0","0","0","0","0","0","0","0","0","0","0","0","0","0","0.0%"
"238","Tory Carter (TEN)","0","0","0","0","0","0","0","0","0","0","0","0","0","0","0","0.0%"
"239","Brenden Knox (DAL)","0","0","0","0","0","0","0","0","0","0","0","0","0","0","0","0.0%"
"240","Kenneth Gainwell (PHI)","0","0","0","0","0","0","0","0","0","0","0","0","0","0","0","4.1%"
"241","Ben Mason (BAL)","0","0","0","0","0","0","0","0","0","0","0","0","0","0","0","0.0%"
"242","Gary Brightwell (NYG)","0","0","0","0","0","0","0","0","0","0","0","0","0","0","0","0.1%"
"243","Gerrid Doaks (MIA)","0","0","0","0","0","0","0","0","0","0","0","0","0","0","0","0.2%"
"244","Mason Stokke (CAR)","0","0","0","0","0","0","0","0","0","0","0","0","0","0","0","0.0%"
"245","Jay Finley (CIN)","0","0","0","0","0","0","0","0","0","0","0","0","0","0","0","0.0%"
"246","Taiwan Jones (BUF)","0","0","0","0","0","0","0","2","0","0","0","0","13","0.0","0.0","0.0%"
"247","Shane Bannon (KC)","0","0","0","0","0","0","0","0","0","0","0","0","0","0","0","0.0%"
"248","Bruce Miller (FA)","0","0","0","0","0","0","1","2","2","2.0","0","0","8","0.0","0.0","0.0%"
"249","Chad Spann (HOU)","0","0","0","0","0","0","0","0","0","0","0","0","0","0","0","0.0%"
"250","Xavier Omon (SF)","0","0","0","0","0","0","0","0","0","0","0","0","0","0","0","0.0%"
"251","Andre Anderson (BUF)","0","0","0","0","0","0","0","0","0","0","0","0","0","0","0","0.0%"
"252","Garrett Mills (NE)","0","0","0","0","0","0","0","0","0","0","0","0","0","0","0","0.0%"
"253","Brandon Bolden (NE)","0","0","0","0","0","0","0","0","0","0","0","0","0","0","0","0.0%"
"254","Rodney Stewart (CIN)","0","0","0","0","0","0","0","0","0","0","0","0","0","0","0","0.0%"
"255","Jamize Olawale (DAL)","0","0","0","0","0","0","0","0","0","0","0","0","0","0","0","0.0%"
"256","Nick Bellore (SEA)","1","5","5.0","5","0","0","1","1","9","9.0","0","0","16","0.0","0.0","0.0%"
"257","Isaac Odim (LAC)","0","0","0","0","0","0","0","0","0","0","0","0","0","0","0","0.0%"
"258","Javarris Williams (HOU)","0","0","0","0","0","0","0","0","0","0","0","0","0","0","0","0.0%"
"259","Dantrell Savage (CAR)","0","0","0","0","0","0","0","0","0","0","0","0","0","0","0","0.0%"
"260","Anthony Alridge (WAS)","0","0","0","0","0","0","0","0","0","0","0","0","0","0","0","0.0%"
"261","Chad Simpson (WAS)","0","0","0","0","0","0","0","0","0","0","0","0","0","0","0","0.0%"
"262","Mike Bell (BUF)","0","0","0","0","0","0","0","0","0","0","0","0","0","0","0","0.0%"
"263","Samkon Gado (TEN)","0","0","0","0","0","0","0","0","0","0","0","0","0","0","0","0.0%"
"264","Kenny Irons (CIN)","0","0","0","0","0","0","0","0","0","0","0","0","0","0","0","0.0%"
"265","Matt Lawrence (BAL)","0","0","0","0","0","0","0","0","0","0","0","0","0","0","0","0.0%"
"266","Marcus Mason (LAC)","0","0","0","0","0","0","0","0","0","0","0","0","0","0","0","0.0%"
"267","Marcus Mailei (NO)","0","0","0","0","0","0","0","0","0","0","0","0","0","0","0","0.0%"
"268","Madison Hedgecock (NYG)","0","0","0","0","0","0","0","0","0","0","0","0","0","0","0","0.0%"
"269","Cordarrelle Patterson (ATL)","64","232","3.6","13","0","1","21","25","132","6.3","0","0","16","0.0","0.0","1.8%"
"270","Darius Jackson (HOU)","0","0","0","0","0","0","0","0","0","0","0","0","0","0","0","0.0%"
"271","Derek Watt (PIT)","0","0","0","0","0","0","0","0","0","0","0","0","12","0.0","0.0","0.1%"
"272","Wendell Smallwood (FA)","0","0","0","0","0","0","0","0","0","0","0","0","1","0.0","0.0","0.0%"
"273","Rod Smith (CAR)","0","0","0","0","0","0","0","0","0","0","0","0","0","0","0","0.0%"
"274","Taquan Mizzell (NYG)","0","0","0","0","0","0","0","0","0","0","0","0","0","0","0","0.0%"
"275","Khalfani Muhammad (ARI)","0","0","0","0","0","0","0","0","0","0","0","0","0","0","0","0.0%"
"276","J.P. Holtz (CHI)","0","0","0","0","0","0","0","1","0","0","0","0","16","0.0","0.0","0.0%"
"277","Elijah McGuire (KC)","0","0","0","0","0","0","0","0","0","0","0","0","0","0","0","0.0%"
"278","Brandin Bryant (BUF)","0","0","0","0","0","0","0","0","0","0","0","0","1","0.0","0.0","0.0%"
"279","Carlin Isles (DET)","0","0","0","0","0","0","0","0","0","0","0","0","0","0","0","0.0%"
"280","Tyler Gaffney (NE)","0","0","0","0","0","0","0","0","0","0","0","0","0","0","0","0.0%"
"281","Damien Williams (CHI)","0","0","0","0","0","0","0","0","0","0","0","0","0","0","0","5.6%"
"282","Willie Carter (CHI)","0","0","0","0","0","0","0","0","0","0","0","0","0","0","0","0.0%"
"283","Tim Flanders (NO)","0","0","0","0","0","0","0","0","0","0","0","0","0","0","0","0.0%"
"284","Tommy Bohanon (BAL)","0","0","0","0","0","0","0","0","0","0","0","0","0","0","0","0.0%"
"285","Kenjon Barner (FA)","0","0","0","0","0","0","0","1","0","0","0","0","6","0.0","0.0","0.0%"
"286","Brennan Clay (DEN)","0","0","0","0","0","0","0","0","0","0","0","0","0","0","0","0.0%"
"287","Corey Taylor II (CLE)","0","0","0","0","0","0","0","0","0","0","0","0","0","0","0","0.0%"
"288","Adrian Killins Jr. (DEN)","1","-12","-12.0","0","0","0","1","1","2","2.0","0","0","1","-1.0","-1.0","0.0%"
""
""