"RANK",TIER,"PLAYER NAME",TEAM,"POS","BYE","SOS_SEASON","ECR VS. ADP"
"1",1,"Christian McCaffrey",CAR,"RB1","13","2 out of 5 stars","0"
"2",1,"Dalvin Cook",MIN,"RB2","7","3 out of 5 stars","0"
"3",1,"Derrick Henry",TEN,"RB3","13","3 out of 5 stars","0"
"4",1,"Alvin Kamara",NO,"RB4","6","2 out of 5 stars","0"
"5",1,"Ezekiel Elliott",DAL,"RB5","7","2 out of 5 stars","+2"
"6",1,"Nick Chubb",CLE,"RB6","13","4 out of 5 stars","-1"
"7",1,"Aaron Jones",GB,"RB7","13","0 out of 5 stars","+3"
"8",2,"Saquon Barkley",NYG,"RB8","10","2 out of 5 stars","-2"
"9",2,"Jonathan Taylor",IND,"RB9","14","4 out of 5 stars","-1"
"10",2,"Davante Adams",GB,"WR1","13","1 out of 5 stars","-1"
"11",2,"Tyreek Hill",KC,"WR2","12","3 out of 5 stars","0"
"12",2,"Stefon Diggs",BUF,"WR3","7","3 out of 5 stars","+1"
"13",2,"Calvin Ridley",ATL,"WR4","6","4 out of 5 stars","+7"
"14",2,"Antonio Gibson",WAS,"RB10","9","3 out of 5 stars","+2"
"15",2,"Travis Kelce",KC,"TE1","12","3 out of 5 stars","-3"
"16",2,"Joe Mixon",CIN,"RB11","10","3 out of 5 stars","+5"
"17",3,"DeAndre Hopkins",ARI,"WR5","12","2 out of 5 stars","+2"
"18",3,"D.K. Metcalf",SEA,"WR6","9","1 out of 5 stars","0"
"19",3,"A.J. Brown",TEN,"WR7","13","3 out of 5 stars","+3"
"20",3,"Austin Ekeler",LAC,"RB12","7","4 out of 5 stars","-5"
"21",3,"Najee Harris",PIT,"RB13","7","5 out of 5 stars","-4"
"22",3,"Darren Waller",LV,"TE2","8","4 out of 5 stars","+5"
"23",3,"Justin Jefferson",MIN,"WR8","7","3 out of 5 stars","+1"
"24",3,"Patrick Mahomes II",KC,"QB1","12","4 out of 5 stars","-10"
"25",3,"George Kittle",SF,"TE3","6","4 out of 5 stars","+1"
"26",3,"J.K. Dobbins",BAL,"RB14","8","4 out of 5 stars","-1"
"27",3,"Clyde Edwards-Helaire",KC,"RB15","12","4 out of 5 stars","-4"
"28",3,"Terry McLaurin",WAS,"WR9","9","3 out of 5 stars","+7"
"29",3,"CeeDee Lamb",DAL,"WR10","7","1 out of 5 stars","+10"
"30",3,"Allen Robinson II",CHI,"WR11","10","3 out of 5 stars","+8"
"31",3,"Mike Evans",TB,"WR12","9","2 out of 5 stars","+6"
"32",3,"David Montgomery",CHI,"RB16","10","3 out of 5 stars","0"
"33",3,"Keenan Allen",LAC,"WR13","7","3 out of 5 stars","-5"
"34",4,"Chris Carson",SEA,"RB17","9","1 out of 5 stars","-1"
"35",4,"Chris Godwin",TB,"WR14","9","2 out of 5 stars","+7"
"36",4,"Amari Cooper",DAL,"WR15","7","1 out of 5 stars","+9"
"37",4,"Julio Jones",TEN,"WR16","13","3 out of 5 stars","+3"
"38",4,"Robert Woods",LAR,"WR17","11","5 out of 5 stars","+8"
"39",4,"D'Andre Swift",DET,"RB18","9","0 out of 5 stars","-8"
"40",4,"D.J. Moore",CAR,"WR18","13","5 out of 5 stars","+14"
"41",4,"Darrell Henderson",LAR,"RB19","11","4 out of 5 stars","+29"
"42",4,"Josh Allen",BUF,"QB2","7","1 out of 5 stars","-13"
"43",4,"Josh Jacobs",LV,"RB20","8","2 out of 5 stars","-13"
"44",4,"Miles Sanders",PHI,"RB21","14","3 out of 5 stars","-10"
"45",4,"Adam Thielen",MIN,"WR19","7","3 out of 5 stars","-1"
"46",4,"Cooper Kupp",LAR,"WR20","11","5 out of 5 stars","+9"
"47",4,"Tyler Lockett",SEA,"WR21","9","1 out of 5 stars","+9"
"48",4,"Kyler Murray",ARI,"QB3","12","2 out of 5 stars","-12"
"49",4,"Mark Andrews",BAL,"TE4","8","4 out of 5 stars","+4"
"50",5,"Brandon Aiyuk",SF,"WR22","6","5 out of 5 stars","+17"
"51",5,"Kenny Golladay",NYG,"WR23","10","3 out of 5 stars","+11"
"52",5,"Lamar Jackson",BAL,"QB4","8","2 out of 5 stars","-11"
"53",5,"Diontae Johnson",PIT,"WR24","7","2 out of 5 stars","+7"
"54",5,"Kyle Pitts",ATL,"TE5","6","2 out of 5 stars","-5"
"55",5,"T.J. Hockenson",DET,"TE6","9","4 out of 5 stars","+3"
"56",5,"Mike Davis",ATL,"RB22","6","2 out of 5 stars","+10"
"57",5,"Tee Higgins",CIN,"WR25","10","2 out of 5 stars","+14"
"58",5,"Kareem Hunt",CLE,"RB23","13","4 out of 5 stars","-15"
"59",5,"Odell Beckham Jr.",CLE,"WR26","13","1 out of 5 stars","+14"
"60",5,"Dak Prescott",DAL,"QB5","7","2 out of 5 stars","-12"
"61",5,"Ja'Marr Chase",CIN,"WR27","10","2 out of 5 stars","+2"
"62",5,"Chase Claypool",PIT,"WR28","7","2 out of 5 stars","+10"
"63",5,"Myles Gaskin",MIA,"RB24","14","4 out of 5 stars","-16"
"64",5,"Courtland Sutton",DEN,"WR29","11","4 out of 5 stars","+16"
"65",5,"Travis Etienne",JAC,"RB25","7","4 out of 5 stars","-6"
"66",5,"Russell Wilson",SEA,"QB6","9","0 out of 5 stars","-16"
"67",5,"Damien Harris",NE,"RB26","14","3 out of 5 stars","+9"
"68",5,"Aaron Rodgers",GB,"QB7","13","2 out of 5 stars","-11"
"69",5,"Jerry Jeudy",DEN,"WR30","11","4 out of 5 stars","+18"
"70",5,"Javonte Williams",DEN,"RB27","11","5 out of 5 stars","-1"
"71",5,"Justin Herbert",LAC,"QB8","7","2 out of 5 stars","-19"
"72",6,"Robby Anderson",CAR,"WR31","13","5 out of 5 stars","+14"
"73",6,"JuJu Smith-Schuster",PIT,"WR32","7","2 out of 5 stars","+4"
"74",6,"Chase Edmonds",ARI,"RB28","12","3 out of 5 stars","-6"
"75",6,"Brandin Cooks",HOU,"WR33","10","3 out of 5 stars","+25"
"76",6,"D.J. Chark Jr.",JAC,"WR34","7","5 out of 5 stars","+3"
"77",6,"Raheem Mostert",SF,"RB29","6","3 out of 5 stars","-16"
"78",6,"James Robinson",JAC,"RB30","7","4 out of 5 stars","-27"
"79",6,"Melvin Gordon III",DEN,"RB31","11","5 out of 5 stars","-14"
"80",6,"Deebo Samuel",SF,"WR35","6","5 out of 5 stars","+8"
"81",6,"Ronald Jones II",TB,"RB32","9","0 out of 5 stars","-7"
"82",6,"Tyler Boyd",CIN,"WR36","10","2 out of 5 stars","+7"
"83",6,"Will Fuller V",MIA,"WR37","14","3 out of 5 stars","+16"
"84",6,"Ryan Tannehill",TEN,"QB9","13","2 out of 5 stars","-1"
"85",6,"Noah Fant",DEN,"TE7","11","4 out of 5 stars","+16"
"86",6,"Tom Brady",TB,"QB10","9","2 out of 5 stars","-11"
"87",6,"Robert Tonyan",GB,"TE8","13","3 out of 5 stars","+16"
"88",6,"DeVonta Smith",PHI,"WR38","14","3 out of 5 stars","-7"
"89",6,"Michael Carter",NYJ,"RB33","6","4 out of 5 stars","-7"
"90",6,"Dallas Goedert",PHI,"TE9","14","3 out of 5 stars","+3"
"91",6,"Trey Sermon",SF,"RB34","6","3 out of 5 stars","+3"
"92",6,"Mike Williams",LAC,"WR39","7","3 out of 5 stars","+20"
"93",6,"Jalen Hurts",PHI,"QB11","14","4 out of 5 stars","-8"
"94",6,"Antonio Brown",TB,"WR40","9","2 out of 5 stars","+10"
"95",6,"Curtis Samuel",WAS,"WR41","9","3 out of 5 stars","+23"
"96",6,"Michael Gallup",DAL,"WR42","7","1 out of 5 stars","+21"
"97",6,"Tyler Higbee",LAR,"TE10","11","2 out of 5 stars","+38"
"98",6,"Matthew Stafford",LAR,"QB12","11","4 out of 5 stars","-14"
"99",6,"James Conner",ARI,"RB35","12","3 out of 5 stars","-8"
"100",6,"Logan Thomas",WAS,"TE11","9","3 out of 5 stars","-3"
"101",6,"Zack Moss",BUF,"RB36","7","3 out of 5 stars","-11"
"102",6,"Jarvis Landry",CLE,"WR43","13","1 out of 5 stars","-7"
"103",6,"Leonard Fournette",TB,"RB37","9","0 out of 5 stars","-25"
"104",6,"Laviska Shenault Jr.",JAC,"WR44","7","5 out of 5 stars","+3"
"105",6,"Gus Edwards",BAL,"RB38","8","4 out of 5 stars","+9"
"106",6,"Joe Burrow",CIN,"QB13","10","2 out of 5 stars","-14"
"107",6,"AJ Dillon",GB,"RB39","13","0 out of 5 stars","-11"
"108",6,"Corey Davis",NYJ,"WR45","6","4 out of 5 stars","+13"
"109",7,"David Johnson",HOU,"RB40","10","4 out of 5 stars","-11"
"110",7,"Mike Gesicki",MIA,"TE12","14","4 out of 5 stars","+5"
"111",7,"Marvin Jones Jr.",JAC,"WR46","7","5 out of 5 stars","+29"
"112",7,"Michael Thomas",NO,"WR47","6","4 out of 5 stars","-48"
"113",7,"Marquise Brown",BAL,"WR48","8","2 out of 5 stars","-4"
"114",7,"Kenyan Drake",LV,"RB41","8","2 out of 5 stars","-12"
"115",7,"Irv Smith Jr.",MIN,"TE13","7","2 out of 5 stars","+24"
"116",7,"DeVante Parker",MIA,"WR49","14","3 out of 5 stars","+15"
"117",7,"Trevor Lawrence",JAC,"QB14","7","4 out of 5 stars","+2"
"118",7,"Jamaal Williams",DET,"RB42","9","0 out of 5 stars","+4"
"119",7,"Matt Ryan",ATL,"QB15","6","3 out of 5 stars","-6"
"120",7,"Latavius Murray",NO,"RB43","6","2 out of 5 stars","+6"
"121",7,"Devin Singletary",BUF,"RB44","7","3 out of 5 stars","-16"
"122",7,"Kirk Cousins",MIN,"QB16","7","3 out of 5 stars","+23"
"123",7,"Michael Pittman Jr.",IND,"WR50","14","5 out of 5 stars","-7"
"124",7,"Jonnu Smith",NE,"TE14","14","5 out of 5 stars","+18"
"125",7,"Tony Pollard",DAL,"RB45","7","2 out of 5 stars","-1"
"126",7,"Jaylen Waddle",MIA,"WR51","14","3 out of 5 stars","-16"
"127",7,"Darnell Mooney",CHI,"WR52","10","3 out of 5 stars","+17"
"128",7,"Phillip Lindsay",HOU,"RB46","10","4 out of 5 stars","+21"
"129",7,"Rob Gronkowski",TB,"TE15","9","3 out of 5 stars","-21"
"130",7,"Nyheim Hines",IND,"RB47","14","4 out of 5 stars","-2"
"131",7,"Evan Engram",NYG,"TE16","10","3 out of 5 stars","-2"
"132",7,"Baker Mayfield",CLE,"QB17","13","3 out of 5 stars","-2"
"133",7,"Mecole Hardman",KC,"WR53","12","3 out of 5 stars","+13"
"134",7,"Tua Tagovailoa",MIA,"QB18","14","4 out of 5 stars","+19"
"135",7,"Hunter Henry",NE,"TE17","14","5 out of 5 stars","-2"
"136",7,"Ryan Fitzpatrick",WAS,"QB19","9","4 out of 5 stars","+22"
"137",7,"Alexander Mattison",MIN,"RB48","7","3 out of 5 stars","-3"
"138",7,"T.Y. Hilton",IND,"WR54","14","5 out of 5 stars","-1"
"139",7,"Henry Ruggs III",LV,"WR55","8","1 out of 5 stars","-14"
"140",8,"Adam Trautman",NO,"TE18","6","4 out of 5 stars","+21"
"141",8,"Ben Roethlisberger",PIT,"QB20","7","4 out of 5 stars","+14"
"142",8,"Gerald Everett",SEA,"TE19","9","1 out of 5 stars","+50"
"143",8,"Cole Beasley",BUF,"WR56","7","3 out of 5 stars","+8"
"144",8,"Nelson Agholor",NE,"WR57","14","4 out of 5 stars","+24"
"145",8,"Elijah Moore",NYJ,"WR58","6","4 out of 5 stars","+29"
"146",8,"J.D. McKissic",WAS,"RB49","9","3 out of 5 stars","-3"
"147",8,"Justin Fields",CHI,"QB21","10","2 out of 5 stars","-6"
"148",8,"Jared Cook",LAC,"TE20","7","3 out of 5 stars","+14"
"149",8,"Blake Jarwin",DAL,"TE21","7","2 out of 5 stars","+55"
"150",8,"Daniel Jones",NYG,"QB22","10","4 out of 5 stars","+47"
"151",8,"Jalen Reagor",PHI,"WR59","14","3 out of 5 stars","+28"
"152",8,"Los Angeles Rams",LAR,"DST1","11","3 out of 5 stars","-41"
"153",8,"Austin Hooper",CLE,"TE22","13","2 out of 5 stars","+10"
"154",8,"Cole Kmet",CHI,"TE23","10","1 out of 5 stars","+45"
"155",8,"Derek Carr",LV,"QB23","8","3 out of 5 stars","+11"
"156",8,"Russell Gage",ATL,"WR60","6","4 out of 5 stars","+9"
"157",8,"Pittsburgh Steelers",PIT,"DST2","7","2 out of 5 stars","-51"
"158",8,"James White",NE,"RB50","14","3 out of 5 stars","+30"
"159",8,"Rashaad Penny",SEA,"RB51","9","1 out of 5 stars","-12"
"160",8,"Tevin Coleman",NYJ,"RB52","6","4 out of 5 stars","+16"
"161",8,"Sterling Shepard",NYG,"WR61","10","3 out of 5 stars","+61"
"162",8,"Baltimore Ravens",BAL,"DST3","8","2 out of 5 stars","-2"
"163",8,"Tre'Quan Smith",NO,"WR62","6","4 out of 5 stars","+42"
"164",8,"Rashod Bateman",BAL,"WR63","8","2 out of 5 stars","+14"
"165",8,"Trey Lance",SF,"QB24","6","5 out of 5 stars","-17"
"166",8,"Washington Football Team",WAS,"DST4","9","2 out of 5 stars","-43"
"167",8,"Emmanuel Sanders",BUF,"WR64","7","3 out of 5 stars","+39"
"168",8,"Gabriel Davis",BUF,"WR65","7","3 out of 5 stars","-4"
"169",8,"Tampa Bay Buccaneers",TB,"DST5","9","5 out of 5 stars","-49"
"170",8,"San Francisco 49ers",SF,"DST6","6","3 out of 5 stars","-1"
"171",8,"John Brown",LV,"WR66","8","1 out of 5 stars","+39"
"172",8,"Justin Tucker",BAL,"K1","8","4 out of 5 stars","-45"
"173",8,"Giovani Bernard",TB,"RB53","9","0 out of 5 stars","+8"
"174",8,"Jamison Crowder",NYJ,"WR67","6","4 out of 5 stars","+42"
"175",8,"Sam Darnold",CAR,"QB25","13","4 out of 5 stars","+91"
"176",8,"Zach Ertz",PHI,"TE24","14","3 out of 5 stars","-20"
"177",8,"Indianapolis Colts",IND,"DST7","14","2 out of 5 stars","-7"
"178",8,"Anthony Firkser",TEN,"TE25","13","2 out of 5 stars","+7"
"179",8,"Jakobi Meyers",NE,"WR68","14","4 out of 5 stars","+88"
"180",8,"Christian Kirk",ARI,"WR69","12","2 out of 5 stars","0"
"181",8,"Harrison Butker",KC,"K2","12","2 out of 5 stars","-49"
"182",9,"Eric Ebron",PIT,"TE26","7","5 out of 5 stars","+72"
"183",9,"Younghoe Koo",ATL,"K3","6","3 out of 5 stars","-47"
"184",9,"Sony Michel",NE,"RB54","14","3 out of 5 stars","+18"
"185",9,"Marlon Mack",IND,"RB55","14","4 out of 5 stars","-28"
"186",9,"Rondale Moore",ARI,"WR70","12","2 out of 5 stars","+3"
"187",9,"Parris Campbell",IND,"WR71","14","5 out of 5 stars","+61"
"188",9,"Zach Wilson",NYJ,"QB26","6","3 out of 5 stars","+50"
"189",9,"Malcolm Brown",MIA,"RB56","14","4 out of 5 stars","+18"
"190",9,"New England Patriots",NE,"DST8","14","0 out of 5 stars","-6"
"191",9,"Salvon Ahmed",MIA,"RB57","14","4 out of 5 stars","+46"
"192",9,"Buffalo Bills",BUF,"DST9","7","3 out of 5 stars","-54"
"193",9,"Bryan Edwards",LV,"WR72","8","1 out of 5 stars","+3"
"194",9,"Tarik Cohen",CHI,"RB58","10","3 out of 5 stars","-12"
"195",9,"Carson Wentz",IND,"QB27","14","4 out of 5 stars","-22"
"196",9,"Breshad Perriman",DET,"WR73","9","1 out of 5 stars","+53"
"197",9,"Greg Zuerlein",DAL,"K4","7","4 out of 5 stars","-38"
"198",9,"Kansas City Chiefs",KC,"DST10","12","1 out of 5 stars","+21"
"199",9,"New Orleans Saints",NO,"DST11","6","3 out of 5 stars","+58"
"200",9,"Jared Goff",DET,"QB28","9","1 out of 5 stars","+62"
"201",9,"Kenneth Gainwell",PHI,"RB59","14","3 out of 5 stars","-14"
"202",9,"Darius Slayton",NYG,"WR74","10","3 out of 5 stars","+33"
"203",9,"Darrel Williams",KC,"RB60","12","4 out of 5 stars","+12"
"204",9,"A.J. Green",ARI,"WR75","12","2 out of 5 stars","-37"
"205",9,"Allen Lazard",GB,"WR76","13","1 out of 5 stars","+22"
"206",9,"Jason Sanders",MIA,"K5","14","4 out of 5 stars","-52"
"207",9,"Terrace Marshall Jr.",CAR,"WR77","13","5 out of 5 stars","+24"
"208",9,"Damien Williams",CHI,"RB61","10","3 out of 5 stars","-25"
"209",9,"Darrynton Evans",TEN,"RB62","13","3 out of 5 stars","+14"
"210",9,"Joshua Kelley",LAC,"RB63","7","4 out of 5 stars","+42"
"211",9,"Randall Cobb",GB,"WR78","13","1 out of 5 stars","+6"
"212",9,"Miami Dolphins",MIA,"DST12","14","2 out of 5 stars","-22"
"213",9,"Amon-Ra St. Brown",DET,"WR79","9","1 out of 5 stars","-20"
"214",9,"Marquez Valdes-Scantling",GB,"WR80","13","1 out of 5 stars","+50"
"215",9,"Denver Broncos",DEN,"DST13","11","2 out of 5 stars","-12"
"216",9,"Cam Newton",NE,"QB29","14","5 out of 5 stars","-8"
"217",9,"Justin Jackson",LAC,"RB64","7","4 out of 5 stars","+11"
"218",9,"Chicago Bears",CHI,"DST14","10","2 out of 5 stars","+7"
"219",9,"Chuba Hubbard",CAR,"RB65","13","2 out of 5 stars","-47"
"220",9,"Hayden Hurst",ATL,"TE27","6","2 out of 5 stars","+25"
"221",9,"Los Angeles Chargers",LAC,"DST15","7","4 out of 5 stars","+9"
"222",9,"Matt Prater",ARI,"K6","12","4 out of 5 stars","-24"
"223",9,"Cleveland Browns",CLE,"DST16","13","3 out of 5 stars","-28"
"224",9,"Sammy Watkins",BAL,"WR81","8","2 out of 5 stars","-3"
"225",9,"Rodrigo Blankenship",IND,"K7","14","3 out of 5 stars","-48"
"226",9,"Tyler Bass",BUF,"K8","7","3 out of 5 stars","-76"
"227",9,"Robbie Gould",SF,"K9","6","4 out of 5 stars","-18"
"228",9,"Tyrell Williams",DET,"WR82","9","1 out of 5 stars","+42"
"229",9,"Taysom Hill",NO,"QB30","6","3 out of 5 stars","+5"
"230",9,"Dawson Knox",BUF,"TE28","7","2 out of 5 stars","+71"
"231",9,"Ryan Succop",TB,"K10","9","2 out of 5 stars","-40"
"232",9,"Benny Snell Jr.",PIT,"RB66","7","5 out of 5 stars","+7"
"233",9,"Jameis Winston",NO,"QB31","6","3 out of 5 stars","-21"
"234",9,"Jason Myers",SEA,"K11","9","4 out of 5 stars","-63"
"235",9,"O.J. Howard",TB,"TE29","9","3 out of 5 stars","+6"
"236",9,"Wil Lutz",NO,"K12","6","4 out of 5 stars","-36"
"237",10,"Carlos Hyde",JAC,"RB67","7","4 out of 5 stars","+26"
"238",10,"Denzel Mims",NYJ,"WR83","6","4 out of 5 stars","+9"
"239",10,"Green Bay Packers",GB,"DST17","13","5 out of 5 stars","+12"
"240",10,"Seattle Seahawks",SEA,"DST18","9","4 out of 5 stars","0"
"241",10,"Mark Ingram II",HOU,"RB68","10","4 out of 5 stars","-40"
"242",10,"Boston Scott",PHI,"RB69","14","3 out of 5 stars","+1"
"243",10,"DeSean Jackson",LAR,"WR84","11","5 out of 5 stars","+22"
"244",10,"Michael Badgley",LAC,"K13","7","2 out of 5 stars","-11"
"245",10,"Minnesota Vikings",MIN,"DST19","7","3 out of 5 stars","-21"
"246",10,"Mason Crosby",GB,"K14","13","0 out of 5 stars","-35"
"247",10,"Josh Reynolds",TEN,"WR85","13","3 out of 5 stars","+34"
"248",10,"Dan Arnold",CAR,"TE30","13","4 out of 5 stars","+46"
"249",10,"Rhamondre Stevenson",NE,"RB70","14","3 out of 5 stars","-35"
"250",10,"KJ Hamler",DEN,"WR86","11","4 out of 5 stars","+53"
"251",10,"Tim Patrick",DEN,"WR87","11","4 out of 5 stars","+37"
"252",10,"Van Jefferson",LAR,"WR88","11","5 out of 5 stars","+52"
"253",10,"Xavier Jones",LAR,"RB71","11","4 out of 5 stars","-78"
"254",10,"Philadelphia Eagles",PHI,"DST20","14","4 out of 5 stars","+107"
"255",10,"Devontae Booker",NYG,"RB72","10","2 out of 5 stars","-42"
"256",10,"Jeff Wilson Jr.",SF,"RB73","6","3 out of 5 stars","+34"
"257",10,"Marquez Callaway",NO,"WR89","6","4 out of 5 stars","-71"
"258",10,"La'Mical Perine",NYJ,"RB74","6","4 out of 5 stars","-5"
"259",10,"Daniel Carlson",LV,"K15","8","2 out of 5 stars","-41"
"260",10,"Kadarius Toney",NYG,"WR90","10","3 out of 5 stars","-28"
"261",10,"Hunter Renfrow",LV,"WR91","8","1 out of 5 stars","+53"
"262",10,"Brandon McManus",DEN,"K16","11","1 out of 5 stars","-42"
"263",10,"Jake Elliott",PHI,"K17","14","4 out of 5 stars","-27"
"264",10,"Wayne Gallman",SF,"RB75","6","3 out of 5 stars","+7"
"265",10,"James Washington",PIT,"WR92","7","2 out of 5 stars","+112"
"266",10,"Jack Doyle",IND,"TE31","14","4 out of 5 stars","+259"
"267",10,"Deshaun Watson",HOU,"QB32","10","4 out of 5 stars","-115"
"268",10,"Joey Slye",CAR,"K18","13","5 out of 5 stars","+19"
"269",10,"Jerick McKinnon",KC,"RB76","12","4 out of 5 stars","+17"
"270",10,"Jimmy Graham",CHI,"TE32","10","1 out of 5 stars","+4"
"271",10,"Chris Herndon IV",NYJ,"TE33","6","3 out of 5 stars","+218"
"272",10,"Kerryon Johnson",PHI,"RB77","14","3 out of 5 stars","+1"
"273",10,"Nico Collins",HOU,"WR93","10","3 out of 5 stars","-27"
"274",10,"Tennessee Titans",TEN,"DST21","13","3 out of 5 stars","-45"
"275",10,"Anthony Miller",HOU,"WR94","10","3 out of 5 stars","+46"
"276",10,"Javian Hawkins",ATL,"RB78","6","2 out of 5 stars","-82"
"277",10,"Samaje Perine",CIN,"RB79","10","3 out of 5 stars","+48"
"278",10,"Anthony McFarland Jr.",PIT,"RB80","7","5 out of 5 stars","-18"
"279",10,"Matt Breida",BUF,"RB81","7","3 out of 5 stars","+38"
"280",10,"Ty Johnson",NYJ,"RB82","6","4 out of 5 stars","+302"
"281",10,"Arizona Cardinals",ARI,"DST22","12","3 out of 5 stars","-13"
"282",10,"Chris Boswell",PIT,"K19","7","2 out of 5 stars","-5"
"283",10,"New York Giants",NYG,"DST23","10","4 out of 5 stars","-3"
"284",10,"Amari Rodgers",GB,"WR95","13","1 out of 5 stars","+12"
"285",10,"Ka'imi Fairbairn",HOU,"K20","10","3 out of 5 stars","+45"
"286",10,"Rashard Higgins",CLE,"WR96","13","1 out of 5 stars","+41"
"287",10,"Dustin Hopkins",WAS,"K21","9","2 out of 5 stars","+51"
"288",10,"Jimmy Garoppolo",SF,"QB33","6","5 out of 5 stars","-5"
"289",10,"Matt Gay",LAR,"K22","11","5 out of 5 stars","-63"
"290",10,"Preston Williams",MIA,"WR97","14","3 out of 5 stars","+91"
"291",10,"Drew Lock",DEN,"QB34","11","5 out of 5 stars","+14"
"292",10,"Teddy Bridgewater",DEN,"QB35","11","5 out of 5 stars","0"
"293",11,"Josh Lambo",JAC,"K23","7","5 out of 5 stars","+51"
"294",11,"New York Jets",NYJ,"DST24","6","4 out of 5 stars","+70"
"295",11,"Qadree Ollison",ATL,"RB83","6","2 out of 5 stars","-36"
"296",11,"N'Keal Harry",NE,"WR98","14","4 out of 5 stars","+93"
"297",11,"Zach Pascal",IND,"WR99","14","5 out of 5 stars","+39"
"298",11,"Dallas Cowboys",DAL,"DST25","7","5 out of 5 stars","+11"
"299",11,"Quintez Cephus",DET,"WR100","9","1 out of 5 stars","+25"
"300",11,"Keelan Cole Sr.",NYJ,"WR101","6","4 out of 5 stars","+72"
"301",11,"Kendrick Bourne",NE,"WR102","14","4 out of 5 stars","+22"
"302",11,"Tyron Johnson",LAC,"WR103","7","3 out of 5 stars","+169"
"303",11,"Keke Coutee",HOU,"WR104","10","3 out of 5 stars","-8"
"304",11,"Ke'Shawn Vaughn",TB,"RB84","9","0 out of 5 stars","-26"
"305",11,"Graham Gano",NYG,"K24","10","2 out of 5 stars","+1"
"306",11,"Kyle Rudolph",NYG,"TE34","10","3 out of 5 stars","+215"
"307",11,"Donovan Peoples-Jones",CLE,"WR105","13","1 out of 5 stars","-46"
"308",11,"Jacksonville Jaguars",JAC,"DST26","7","2 out of 5 stars","+60"
"309",11,"Mo Alie-Cox",IND,"TE35","14","4 out of 5 stars","-51"
"310",11,"Travis Fulgham",PHI,"WR106","14","3 out of 5 stars","-38"
"311",11,"D'Wayne Eskridge",SEA,"WR107","9","1 out of 5 stars","+21"
"312",11,"Tyrod Taylor",HOU,"QB36","10","4 out of 5 stars","+257"
"313",11,"Scotty Miller",TB,"WR108","9","2 out of 5 stars","-29"
"314",11,"Dalton Schultz",DAL,"TE36","7","2 out of 5 stars","+28"
"315",11,"Carolina Panthers",CAR,"DST27","13","4 out of 5 stars","+28"
"316",11,"Dyami Brown",WAS,"WR109","9","3 out of 5 stars","+50"
"317",11,"Atlanta Falcons",ATL,"DST28","6","5 out of 5 stars","+3"
"318",11,"Ian Thomas",CAR,"TE37","13","4 out of 5 stars","+87"
"319",11,"Jordan Akins",HOU,"TE38","10","4 out of 5 stars","-50"
"320",11,"Will Dissly",SEA,"TE39","9","1 out of 5 stars","+188"
"321",11,"DeeJay Dallas",SEA,"RB85","9","1 out of 5 stars","+132"
"322",11,"Larry Rountree III",LAC,"RB86","7","4 out of 5 stars","-9"
"323",11,"Mac Jones",NE,"QB37","14","5 out of 5 stars","-47"
"324",11,"Austin Seibert",CIN,"K25","10","1 out of 5 stars","+329"
"325",11,"Rex Burkhead",HOU,"RB87","10","4 out of 5 stars","+93"
"326",11,"Donald Parham Jr.",LAC,"TE40","7","3 out of 5 stars","+75"
"327",11,"Jordan Howard",PHI,"RB88","14","3 out of 5 stars","+218"
"328",11,"Zane Gonzalez",DET,"K26","9","5 out of 5 stars","+98"
"329",11,"Cairo Santos",CHI,"K27","10","2 out of 5 stars","-17"
"330",11,"Le'Veon Bell",FA,"RB89","-","-","-11"
"331",11,"Demarcus Robinson",KC,"WR110","12","3 out of 5 stars","+124"
"332",11,"Stephen Gostkowski",FA,"K28","-","-","+246"
"333",11,"Pat Freiermuth",PIT,"TE41","7","5 out of 5 stars","-33"
"334",11,"Byron Pringle",KC,"WR111","12","3 out of 5 stars","+122"
"335",11,"Brian Hill",TEN,"RB90","13","3 out of 5 stars","+116"
"336",11,"Olamide Zaccheaus",ATL,"WR112","6","4 out of 5 stars","-80"
"337",11,"C.J. Uzomah",CIN,"TE42","10","2 out of 5 stars","+3"
"338",11,"Justice Hill",BAL,"RB91","8","4 out of 5 stars","+131"
"339",11,"Josh Palmer",LAC,"WR113","7","3 out of 5 stars","-89"
"340",11,"Duke Johnson Jr.",FA,"RB92","-","-","+198"
"341",11,"Todd Gurley II",FA,"RB93","-","-","-39"
"342",11,"Andy Isabella",ARI,"WR114","12","2 out of 5 stars","+101"
"343",11,"Jalen Richard",LV,"RB94","8","2 out of 5 stars","-46"
"344",11,"Cody Parkey",CLE,"K29","13","2 out of 5 stars","-34"
"345",11,"Andy Dalton",CHI,"QB38","10","2 out of 5 stars","-17"
"346",11,"Miles Boykin",BAL,"WR115","8","2 out of 5 stars","+103"
"347",11,"Ito Smith",ARI,"RB95","12","3 out of 5 stars","+5"
"348",11,"Eno Benjamin",ARI,"RB96","12","3 out of 5 stars","-66"
"349",11,"Kalen Ballage",PIT,"RB97","7","5 out of 5 stars","-31"
"350",11,"David Njoku",CLE,"TE43","13","2 out of 5 stars","+132"
"351",11,"Elijah Mitchell",SF,"RB98","6","3 out of 5 stars","-109"
"352",11,"Harrison Bryant",CLE,"TE44","13","2 out of 5 stars","+140"
"353",11,"Greg Ward",PHI,"WR116","14","3 out of 5 stars","+132"
"354",12,"Houston Texans",HOU,"DST29","10","2 out of 5 stars","-65"
"355",12,"John Ross",NYG,"WR117","10","3 out of 5 stars","+122"
"356",12,"Peyton Barber",WAS,"RB99","9","3 out of 5 stars","+238"
"357",12,"Jordan Wilkins",IND,"RB100","14","4 out of 5 stars","+283"
"358",12,"Dan Bailey",FA,"K30","-","-","+200"
"359",12,"Drew Sample",CIN,"TE45","10","2 out of 5 stars","+216"
"360",12,"Jake Funk",LAR,"RB101","11","4 out of 5 stars","-53"
"361",12,"Cordarrelle Patterson",ATL,"WR118","6","4 out of 5 stars","-106"
"362",12,"Adrian Peterson",FA,"RB102","-","-","+170"
"363",12,"Jermar Jefferson",DET,"RB103","9","0 out of 5 stars","+78"
"364",12,"Randy Bullock",DET,"K31","9","5 out of 5 stars","+6"
"365",12,"Albert Okwuegbunam",DEN,"TE46","11","4 out of 5 stars","+46"
"366",12,"Mike Boone",DEN,"RB104","11","5 out of 5 stars","-67"
"367",12,"Nick Folk",NE,"K32","14","4 out of 5 stars","+30"
"368",12,"Chris Evans",CIN,"RB105","10","3 out of 5 stars","-57"
"369",12,"Deonte Harris",NO,"WR119","6","4 out of 5 stars","-43"
"370",12,"Tyler Conklin",MIN,"TE47","7","2 out of 5 stars","+259"
"371",12,"Steven Sims Jr.",WAS,"WR120","9","3 out of 5 stars","+125"
"372",12,"Lynn Bowden Jr.",MIA,"WR121","14","3 out of 5 stars","+13"
"373",12,"Jalen Guyton",LAC,"WR122","7","3 out of 5 stars","+10"
"374",12,"Detroit Lions",DET,"DST30","9","5 out of 5 stars","+5"
"375",12,"Las Vegas Raiders",LV,"DST31","8","4 out of 5 stars","+58"
"376",12,"Sam Sloman",PIT,"K33","7","2 out of 5 stars","-"
"377",12,"Tyler Eifert",FA,"TE48","-","-","+207"
"378",12,"Cincinnati Bengals",CIN,"DST32","10","3 out of 5 stars","+266"
"379",12,"Chris Thompson",FA,"RB106","-","-","+260"
"380",12,"Evan McPherson",CIN,"K34","10","1 out of 5 stars","-89"
"381",12,"Adam Humphries",WAS,"WR123","9","3 out of 5 stars","+180"
"382",12,"Tutu Atwell",LAR,"WR124","11","5 out of 5 stars","+4"
"383",12,"Jacob Hollister",BUF,"TE49","7","2 out of 5 stars","+136"
"384",12,"Dede Westbrook",MIN,"WR125","7","3 out of 5 stars","+111"
"385",12,"Tylan Wallace",BAL,"WR126","8","2 out of 5 stars","+42"
"386",12,"Golden Tate",FA,"WR127","-","-","+95"
"387",12,"Jacob Eason",IND,"QB39","14","4 out of 5 stars","+74"
"388",12,"Tyler Johnson",TB,"WR128","9","2 out of 5 stars","+66"
"389",12,"Quez Watkins",PHI,"WR129","14","3 out of 5 stars","-114"
"390",12,"Royce Freeman",DEN,"RB107","11","5 out of 5 stars","-105"
"391",12,"Dez Fitzpatrick",TEN,"WR130","13","3 out of 5 stars","+99"
"392",12,"Antonio Gandy-Golden",WAS,"WR131","9","3 out of 5 stars","-33"
"393",12,"Kylin Hill",GB,"RB108","13","0 out of 5 stars","-3"
"394",12,"Greg Joseph",MIN,"K35","7","0 out of 5 stars","-38"
"395",12,"Cameron Brate",TB,"TE50","9","3 out of 5 stars","+186"
"396",12,"Brevin Jordan",HOU,"TE51","10","4 out of 5 stars","+164"
"397",12,"Collin Johnson",JAC,"WR132","7","5 out of 5 stars","+180"
"398",12,"Danny Amendola",FA,"WR133","-","-","+192"
"399",12,"Chris Conley",HOU,"WR134","10","3 out of 5 stars","0"
"400",12,"Maxx Williams",ARI,"TE52","12","2 out of 5 stars","+139"
"401",12,"Dare Ogunbowale",JAC,"RB109","7","4 out of 5 stars","+122"
"402",12,"Bryce Love",FA,"RB110","-","-","+201"
"403",12,"Tucker McCann",TEN,"K36","13","2 out of 5 stars","-11"
"404",12,"Davis Mills",HOU,"QB40","10","4 out of 5 stars","+71"
"405",12,"Devin Duvernay",BAL,"WR135","8","2 out of 5 stars","+129"
"406",12,"Jaret Patterson",WAS,"RB111","9","3 out of 5 stars","+179"
"407",12,"Sam Ficken",TEN,"K37","13","2 out of 5 stars","-114"
"408",12,"Jacob Harris",LAR,"TE53","11","2 out of 5 stars","+16"
"409",12,"Cornell Powell",KC,"WR136","12","3 out of 5 stars","-6"
"410",12,"Larry Fitzgerald",FA,"WR137","-","-","+57"
"411",12,"Jordan Love",GB,"QB41","13","2 out of 5 stars","-89"
"412",13,"Tyler Kroft",NYJ,"TE54","6","3 out of 5 stars","+124"
"413",13,"Foster Moreau",LV,"TE55","8","4 out of 5 stars","+100"
"414",13,"James O'Shaughnessy",JAC,"TE56","7","4 out of 5 stars","+153"
"415",13,"Devine Ozigbo",JAC,"RB112","7","4 out of 5 stars","-"
"416",13,"Darwin Thompson",KC,"RB113","12","4 out of 5 stars","+197"
"417",13,"Alex Collins",SEA,"RB114","9","1 out of 5 stars","+184"
"418",13,"Auden Tate",CIN,"WR138","10","2 out of 5 stars","+178"
"419",13,"Jalen Hurd",SF,"WR139","6","5 out of 5 stars","+43"
"420",13,"David Moore",CAR,"WR140","13","5 out of 5 stars","-104"
"421",13,"Khalil Herbert",CHI,"RB115","10","3 out of 5 stars","-7"
"422",13,"Alshon Jeffery",FA,"WR141","-","-","+204"
"423",13,"Kyle Juszczyk",SF,"RB116","6","3 out of 5 stars","+47"
"424",13,"Gardner Minshew II",JAC,"QB42","7","4 out of 5 stars","+78"
"425",13,"Gerrid Doaks",MIA,"RB117","14","4 out of 5 stars","+61"
"426",13,"Raymond Calais",LAR,"RB118","11","4 out of 5 stars","+85"
"427",13,"Devin Funchess",GB,"WR142","13","1 out of 5 stars","-93"
"428",13,"Albert Wilson",MIA,"WR143","14","3 out of 5 stars","+44"
"429",13,"Cam Sims",WAS,"WR144","9","3 out of 5 stars","-55"
"430",13,"Geoff Swaim",TEN,"TE57","13","2 out of 5 stars","-81"
"431",13,"Damiere Byrd",CHI,"WR145","10","3 out of 5 stars","-44"
"432",13,"Jace Sternberger",GB,"TE58","13","3 out of 5 stars","-"
"433",13,"Devonta Freeman",NO,"RB119","6","2 out of 5 stars","+71"
"434",13,"Taylor Heinicke",WAS,"QB43","9","4 out of 5 stars","+5"
"435",13,"Frank Gore",FA,"RB120","-","-","+180"
"436",13,"Mitchell Trubisky",BUF,"QB44","7","1 out of 5 stars","+105"
"437",13,"Hunter Long",MIA,"TE59","14","4 out of 5 stars","+122"
"438",13,"Freddie Swain",SEA,"WR146","9","1 out of 5 stars","+219"
"439",13,"Kylen Granson",IND,"TE60","14","4 out of 5 stars","+59"
"440",13,"Kene Nwangwu",MIN,"RB121","7","3 out of 5 stars","+7"
"441",13,"Ihmir Smith-Marsette",MIN,"WR147","7","3 out of 5 stars","+147"
"442",13,"Kahale Warring",HOU,"TE61","10","4 out of 5 stars","-"
"443",13,"Lil'Jordan Humphrey",NO,"WR148","6","4 out of 5 stars","-"
"444",13,"C.J. Ham",MIN,"RB122","7","3 out of 5 stars","-"
"445",13,"Alec Ingold",LV,"RB123","8","2 out of 5 stars","-"
"446",13,"Darren Fells",DET,"TE62","9","4 out of 5 stars","+76"
"447",13,"Tim Tebow",JAC,"TE63","7","4 out of 5 stars","-203"
"448",13,"Marcus Mariota",LV,"QB45","8","3 out of 5 stars","-91"
"449",13,"Richard Rodgers",PHI,"TE64","14","3 out of 5 stars","-"
"450",13,"Tommy Tremble",CAR,"TE65","13","4 out of 5 stars","+154"
"451",13,"Dazz Newsome",CHI,"WR149","10","3 out of 5 stars","+166"
"452",13,"Noah Gray",KC,"TE66","12","3 out of 5 stars","-32"
"453",13,"Willie Snead IV",LV,"WR150","8","1 out of 5 stars","+172"
"454",13,"Mohamed Sanu",SF,"WR151","6","5 out of 5 stars","+79"
"455",13,"Brycen Hopkins",LAR,"TE67","11","2 out of 5 stars","+169"
"456",13,"Jaylen Samuels",PIT,"RB124","7","5 out of 5 stars","+81"
"457",13,"Kelvin Harmon",WAS,"WR152","9","3 out of 5 stars","-"
"458",13,"Nick Vannett",NO,"TE68","6","4 out of 5 stars","-"
"459",13,"Ryan Griffin",NYJ,"TE69","6","3 out of 5 stars","-"
"460",13,"Zay Jones",LV,"WR153","8","1 out of 5 stars","-"
"461",13,"LeSean McCoy",FA,"RB125","-","-","+5"
"462",13,"Trayveon Williams",CIN,"RB126","10","3 out of 5 stars","-"
"463",13,"Cedrick Wilson",DAL,"WR154","7","1 out of 5 stars","+172"
"464",13,"D'Onta Foreman",ATL,"RB127","6","2 out of 5 stars","-149"
"465",13,"Nick Boyle",BAL,"TE70","8","4 out of 5 stars","-"
"466",13,"Marquise Goodwin",CHI,"WR155","10","3 out of 5 stars","-112"
"467",13,"Shi Smith",CAR,"WR156","13","5 out of 5 stars","-91"
"468",13,"Trey Burton",FA,"TE71","-","-","+184"
"469",13,"Ty Montgomery",NO,"RB128","6","2 out of 5 stars","-"
"470",13,"Chad Beebe",MIN,"WR157","7","3 out of 5 stars","-"
"471",13,"Jeremy McNichols",TEN,"RB129","13","3 out of 5 stars","-"
"472",13,"Jakob Johnson",NE,"RB130","14","3 out of 5 stars","-"
"473",13,"Isaiah McKenzie",BUF,"WR158","7","3 out of 5 stars","+116"
"474",13,"Patrick Ricard",BAL,"RB131","8","4 out of 5 stars","-"
"475",13,"Kenny Stills",BUF,"WR159","7","3 out of 5 stars","+183"
"476",13,"Travis Homer",SEA,"RB132","9","1 out of 5 stars","-"
"477",13,"Alex Armah",NO,"RB133","6","2 out of 5 stars","-"
"478",13,"D'Ernest Johnson",CLE,"RB134","13","4 out of 5 stars","-"
"479",13,"Richie James Jr.",SF,"WR160","6","5 out of 5 stars","+121"
"480",13,"Adam Shaheen",MIA,"TE72","14","4 out of 5 stars","+176"
"481",13,"Anthony Schwartz",CLE,"WR161","13","1 out of 5 stars","-60"
"482",13,"Cameron Batson",TEN,"WR162","13","3 out of 5 stars","-"
"483",13,"Aldrick Rosas",NO,"K38","6","4 out of 5 stars","-"
"484",13,"Kenny Yeboah",NYJ,"TE73","6","3 out of 5 stars","+21"
"485",13,"Chris Manhertz",JAC,"TE74","7","4 out of 5 stars","-"
"486",13,"Jakeem Grant Sr.",MIA,"WR163","14","3 out of 5 stars","+137"
"487",13,"Andrew Jacas",SF,"K39","6","4 out of 5 stars","-64"
"488",13,"Sage Surratt",DET,"WR164","9","1 out of 5 stars","+121"
"489",13,"Phillip Dorsett II",JAC,"WR165","7","5 out of 5 stars","-"
"490",13,"Blake Bell",KC,"TE75","12","3 out of 5 stars","-112"
"491",13,"Chris Naggar",NYJ,"K40","6","5 out of 5 stars","+6"
"492",13,"Chase McLaughlin",CLE,"K41","13","2 out of 5 stars","-84"
"493",13,"Kevin White",NO,"WR166","6","4 out of 5 stars","-"
"494",13,"Johnny Mundt",LAR,"TE76","11","2 out of 5 stars","-"
"495",13,"J.J. Arcega-Whiteside",PHI,"WR167","14","3 out of 5 stars","-"
"496",13,"Braxton Berrios",NYJ,"WR168","6","4 out of 5 stars","-"
"497",13,"Christian Blake",ATL,"WR169","6","4 out of 5 stars","+141"
"498",13,"JaMycal Hasty",SF,"RB135","6","3 out of 5 stars","+53"
"499",13,"Sam Ehlinger",IND,"QB46","14","4 out of 5 stars","+106"
"500",13,"Mike Strachan",IND,"WR170","14","5 out of 5 stars","+9"
"501",13,"Jauan Jennings",SF,"WR171","6","5 out of 5 stars","+6"
"502",13,"Ross Dwelley",SF,"TE77","6","4 out of 5 stars","+112"
"503",13,"Otis Anderson Jr.",LAR,"RB136","11","4 out of 5 stars","-"
"504",13,"DaeSean Hamilton",DEN,"WR172","11","4 out of 5 stars","-"
"505",13,"Frank Darby",ATL,"WR173","6","4 out of 5 stars","-197"
"506",13,"Tony Jones Jr.",NO,"RB137","6","2 out of 5 stars","-78"
"507",13,"Michael Burton",KC,"RB138","12","4 out of 5 stars","-"
"508",13,"Kellen Mond",MIN,"QB47","7","3 out of 5 stars","+44"
"509",13,"Tre Harbison",CLE,"RB139","13","4 out of 5 stars","-"
"510",14,"Juwan Johnson",NO,"WR174","6","4 out of 5 stars","-26"
"511",14,"Isaiah Coulter",HOU,"WR175","10","3 out of 5 stars","-"
"512",14,"Tre' McKitty",LAC,"TE78","7","3 out of 5 stars","+52"
"513",14,"Javon Wims",CHI,"WR176","10","3 out of 5 stars","-"
"514",14,"Durham Smythe",MIA,"TE79","14","4 out of 5 stars","+141"
"515",14,"Hunter Bryant",DET,"TE80","9","4 out of 5 stars","-"
"516",14,"Gary Brightwell",NYG,"RB140","10","2 out of 5 stars","+15"
"517",14,"Trey Ragas",LV,"RB141","8","2 out of 5 stars","-"
"518",14,"Jake Kumerow",BUF,"WR177","7","3 out of 5 stars","-"
"519",14,"Troymaine Pope",TB,"RB142","9","0 out of 5 stars","-"
"520",14,"Antonio Callaway",KC,"WR178","12","3 out of 5 stars","+30"
"521",14,"Pooka Williams Jr.",CIN,"RB143","10","3 out of 5 stars","-242"
"522",14,"Gunner Olszewski",NE,"WR179","14","4 out of 5 stars","-"
"523",14,"Jaelon Darden",TB,"WR180","9","2 out of 5 stars","+1"
"524",14,"Josh Oliver",BAL,"TE81","8","4 out of 5 stars","-"
"525",14,"Marcedes Lewis",GB,"TE82","13","3 out of 5 stars","-79"
"526",14,"Equanimeous St. Brown",GB,"WR181","13","1 out of 5 stars","+45"
"527",14,"Tajae Sharpe",ATL,"WR182","6","4 out of 5 stars","-"
"528",14,"Demetric Felton",CLE,"WR183","13","1 out of 5 stars","-132"
"529",14,"Cade Johnson",SEA,"WR184","9","1 out of 5 stars","-182"
"530",14,"Ray-Ray McCloud",PIT,"WR185","7","2 out of 5 stars","-66"
"531",14,"John Hightower",PHI,"WR186","14","3 out of 5 stars","+67"
"532",14,"Reggie Gilliam",BUF,"RB144","7","3 out of 5 stars","-"
"533",14,"Geronimo Allison",DET,"WR187","9","1 out of 5 stars","-"
"534",14,"Simi Fehoko",DAL,"WR188","7","1 out of 5 stars","+61"
"535",14,"Tommy Sweeney",BUF,"TE83","7","2 out of 5 stars","-"
"536",14,"Chester Rogers",TEN,"WR189","13","3 out of 5 stars","-"
"537",14,"Seth Williams",DEN,"WR190","11","4 out of 5 stars","+33"
"538",15,"Luke Farrell",JAC,"TE84","7","4 out of 5 stars","-"
"539",15,"Dante Pettis",NYG,"WR191","10","3 out of 5 stars","-"
"540",15,"Thaddeus Moss",CIN,"TE85","10","2 out of 5 stars","+46"
"541",15,"Marlon Williams",FA,"WR192","-","-","+109"
"542",15,"Nick Westbrook-Ikhine",TEN,"WR193","13","3 out of 5 stars","-"