RANK,TIER,PLAYER NAME,TEAM,POS,BYE,SOS_SEASON,ECR VS. ADP
1,1,Jonathan Taylor,IND,RB1,14,3 out of 5 stars,0
2,1,Christian McCaffrey,CAR,RB2,13,3 out of 5 stars,1
3,1,Austin Ekeler,LAC,RB3,8,2 out of 5 stars,-1
4,1,Dalvin Cook,MIN,RB4,7,4 out of 5 stars,3
5,1,Justin Jefferson,MIN,WR1,7,2 out of 5 stars,1
6,2,Derrick Henry,TEN,RB5,6,4 out of 5 stars,-2
7,2,Cooper Kupp,LAR,WR2,7,2 out of 5 stars,-2
8,2,Najee Harris,PIT,RB6,9,3 out of 5 stars,0
9,2,Ja'Marr Chase,CIN,WR3,10,3 out of 5 stars,0
10,2,Joe Mixon,CIN,RB7,10,3 out of 5 stars,0
11,3,Stefon Diggs,BUF,WR4,7,4 out of 5 stars,1
12,3,D'Andre Swift,DET,RB8,6,4 out of 5 stars,3
13,3,Travis Kelce,KC,TE1,8,3 out of 5 stars,1
14,3,Davante Adams,LV,WR5,6,2 out of 5 stars,-3
15,3,CeeDee Lamb,DAL,WR6,9,3 out of 5 stars,1
16,3,Alvin Kamara,NO,RB9,14,3 out of 5 stars,3
17,3,Saquon Barkley,NYG,RB10,9,3 out of 5 stars,4
18,3,Aaron Jones,GB,RB11,14,3 out of 5 stars,-1
19,3,Nick Chubb,CLE,RB12,9,3 out of 5 stars,-6
20,3,Leonard Fournette,TB,RB13,11,2 out of 5 stars,3
21,3,Deebo Samuel,SF,WR7,9,3 out of 5 stars,-3
22,3,Mark Andrews,BAL,TE2,10,2 out of 5 stars,3
23,3,Javonte Williams,DEN,RB14,9,3 out of 5 stars,-3
24,4,Mike Evans,TB,WR8,11,4 out of 5 stars,2
25,4,Tyreek Hill,MIA,WR9,11,2 out of 5 stars,-3
26,4,A.J. Brown,PHI,WR10,7,4 out of 5 stars,1
27,4,Keenan Allen,LAC,WR11,8,3 out of 5 stars,1
28,4,Tee Higgins,CIN,WR12,10,3 out of 5 stars,2
29,4,James Conner,ARI,RB15,13,2 out of 5 stars,2
30,4,Michael Pittman Jr.,IND,WR13,14,4 out of 5 stars,6
31,4,Ezekiel Elliott,DAL,RB16,9,4 out of 5 stars,-2
32,4,Josh Allen,BUF,QB1,7,3 out of 5 stars,-8
33,4,DJ Moore,CAR,WR14,13,3 out of 5 stars,11
34,4,Kyle Pitts,ATL,TE3,14,2 out of 5 stars,0
35,5,Breece Hall,NYJ,RB17,10,4 out of 5 stars,6
36,5,Cam Akers,LAR,RB18,7,2 out of 5 stars,-4
37,5,Travis Etienne Jr.,JAC,RB19,11,3 out of 5 stars,8
38,5,Diontae Johnson,PIT,WR15,9,4 out of 5 stars,5
39,5,David Montgomery,CHI,RB20,14,5 out of 5 stars,-6
40,5,Jaylen Waddle,MIA,WR16,11,2 out of 5 stars,-1
41,5,Mike Williams,LAC,WR17,8,3 out of 5 stars,8
42,5,Terry McLaurin,WAS,WR18,14,4 out of 5 stars,-2
43,5,Courtland Sutton,DEN,WR19,9,4 out of 5 stars,11
44,5,Justin Herbert,LAC,QB2,8,3 out of 5 stars,-7
45,5,J.K. Dobbins,BAL,RB21,10,4 out of 5 stars,7
46,5,Brandin Cooks,HOU,WR20,6,3 out of 5 stars,12
47,5,Elijah Mitchell,SF,RB22,9,2 out of 5 stars,0
48,5,Patrick Mahomes II,KC,QB3,8,2 out of 5 stars,-13
49,5,DK Metcalf,SEA,WR21,11,4 out of 5 stars,1
50,5,George Kittle,SF,TE4,9,4 out of 5 stars,-8
51,5,AJ Dillon,GB,RB23,14,3 out of 5 stars,4
52,5,Allen Robinson II,LAR,WR22,7,2 out of 5 stars,9
53,6,Josh Jacobs,LV,RB24,6,2 out of 5 stars,-7
54,6,Lamar Jackson,BAL,QB4,10,2 out of 5 stars,-3
55,6,Darren Waller,LV,TE5,6,2 out of 5 stars,-7
56,6,Antonio Gibson,WAS,RB25,14,4 out of 5 stars,-18
57,6,Marquise Brown,ARI,WR23,13,2 out of 5 stars,2
58,6,Jerry Jeudy,DEN,WR24,9,4 out of 5 stars,-1
59,6,Darnell Mooney,CHI,WR25,14,3 out of 5 stars,14
60,6,Kyler Murray,ARI,QB5,13,2 out of 5 stars,-4
61,6,Michael Thomas,NO,WR26,14,4 out of 5 stars,5
62,6,Jalen Hurts,PHI,QB6,7,4 out of 5 stars,3
63,6,Rashod Bateman,BAL,WR27,10,3 out of 5 stars,22
64,6,Damien Harris,NE,RB26,10,4 out of 5 stars,-4
65,6,Miles Sanders,PHI,RB27,7,3 out of 5 stars,6
66,6,Amari Cooper,CLE,WR28,9,4 out of 5 stars,2
67,6,Dalton Schultz,DAL,TE6,9,3 out of 5 stars,-4
68,6,Clyde Edwards-Helaire,KC,RB28,8,3 out of 5 stars,-6
69,6,Chris Godwin,TB,WR29,11,4 out of 5 stars,-5
70,6,Chase Edmonds,MIA,RB29,11,4 out of 5 stars,17
71,6,Gabriel Davis,BUF,WR30,7,4 out of 5 stars,-1
72,6,Amon-Ra St. Brown,DET,WR31,6,3 out of 5 stars,-3
73,7,JuJu Smith-Schuster,KC,WR32,8,2 out of 5 stars,3
74,7,Kareem Hunt,CLE,RB30,9,3 out of 5 stars,5
75,7,Rashaad Penny,SEA,RB31,11,2 out of 5 stars,5
76,7,Elijah Moore,NYJ,WR33,10,1 out of 5 stars,8
77,7,Joe Burrow,CIN,QB7,10,2 out of 5 stars,-24
78,7,Tony Pollard,DAL,RB32,9,4 out of 5 stars,5
79,7,Rhamondre Stevenson,NE,RB33,10,4 out of 5 stars,16
80,7,Adam Thielen,MIN,WR34,7,2 out of 5 stars,-8
81,7,T.J. Hockenson,DET,TE7,6,4 out of 5 stars,-14
82,7,Devin Singletary,BUF,RB34,7,4 out of 5 stars,-4
83,7,Dallas Goedert,PHI,TE8,7,2 out of 5 stars,-6
84,7,Tom Brady,TB,QB8,11,3 out of 5 stars,-2
85,7,Cordarrelle Patterson,ATL,RB35,14,1 out of 5 stars,1
86,7,Russell Wilson,DEN,QB9,9,4 out of 5 stars,-12
87,7,Melvin Gordon III,DEN,RB36,9,3 out of 5 stars,6
88,7,Dak Prescott,DAL,QB10,9,3 out of 5 stars,-13
89,7,Brandon Aiyuk,SF,WR35,9,3 out of 5 stars,8
90,7,DeVonta Smith,PHI,WR36,7,4 out of 5 stars,2
91,7,Ken Walker III,SEA,RB37,11,2 out of 5 stars,-2
92,7,Drake London,ATL,WR37,14,4 out of 5 stars,13
93,7,Zach Ertz,ARI,TE9,13,3 out of 5 stars,3
94,7,Trey Lance,SF,QB11,9,3 out of 5 stars,5
95,7,Hunter Renfrow,LV,WR38,6,2 out of 5 stars,-14
96,7,Allen Lazard,GB,WR39,14,3 out of 5 stars,6
97,7,Matthew Stafford,LAR,QB12,7,3 out of 5 stars,-7
98,7,Tyler Lockett,SEA,WR40,11,4 out of 5 stars,0
99,8,Christian Kirk,JAC,WR41,11,4 out of 5 stars,5
100,8,Aaron Rodgers,GB,QB13,14,2 out of 5 stars,-6
101,8,DeAndre Hopkins,ARI,WR42,13,2 out of 5 stars,-13
102,8,Dawson Knox,BUF,TE10,7,3 out of 5 stars,-11
103,8,Robert Woods,TEN,WR43,6,3 out of 5 stars,-3
104,8,James Cook,BUF,RB38,7,4 out of 5 stars,-3
105,8,Dameon Pierce,HOU,RB39,6,3 out of 5 stars,13
106,8,Kadarius Toney,NYG,WR44,9,4 out of 5 stars,11
107,8,Kirk Cousins,MIN,QB14,7,3 out of 5 stars,6
108,8,Michael Carter,NYJ,RB40,10,4 out of 5 stars,-5
109,8,Darrell Henderson Jr.,LAR,RB41,7,2 out of 5 stars,6
110,8,Derek Carr,LV,QB15,6,2 out of 5 stars,-4
111,8,Pat Freiermuth,PIT,TE11,9,4 out of 5 stars,9
112,8,Treylon Burks,TEN,WR45,6,3 out of 5 stars,9
113,8,Cole Kmet,CHI,TE12,14,5 out of 5 stars,21
114,8,Chris Olave,NO,WR46,14,4 out of 5 stars,5
115,8,Chase Claypool,PIT,WR47,9,4 out of 5 stars,-1
116,8,Alexander Mattison,MIN,RB42,7,4 out of 5 stars,-5
117,8,James Robinson,JAC,RB43,11,3 out of 5 stars,-10
118,8,Nyheim Hines,IND,RB44,14,3 out of 5 stars,6
119,8,Skyy Moore,KC,WR48,8,2 out of 5 stars,13
120,8,Tyler Boyd,CIN,WR49,10,3 out of 5 stars,7
121,8,Garrett Wilson,NYJ,WR50,10,1 out of 5 stars,8
122,8,Russell Gage,TB,WR51,11,4 out of 5 stars,-13
123,8,Kenneth Gainwell,PHI,RB45,7,3 out of 5 stars,16
124,8,Hunter Henry,NE,TE13,10,4 out of 5 stars,45
125,8,Mike Gesicki,MIA,TE14,11,3 out of 5 stars,-15
126,8,Tua Tagovailoa,MIA,QB16,11,2 out of 5 stars,-1
127,9,Jakobi Meyers,NE,WR52,10,4 out of 5 stars,53
128,9,Justin Fields,CHI,QB17,14,4 out of 5 stars,10
129,9,Marquez Valdes-Scantling,KC,WR53,8,2 out of 5 stars,2
130,9,Jamaal Williams,DET,RB46,6,4 out of 5 stars,28
131,9,J.D. McKissic,WAS,RB47,14,4 out of 5 stars,14
132,9,Jarvis Landry,NO,WR54,14,4 out of 5 stars,-4
133,9,Irv Smith Jr.,MIN,TE15,7,3 out of 5 stars,28
134,9,Trevor Lawrence,JAC,QB18,11,5 out of 5 stars,28
135,9,DeVante Parker,NE,WR55,10,4 out of 5 stars,7
136,9,Khalil Herbert,CHI,RB48,14,5 out of 5 stars,52
137,9,Albert Okwuegbunam,DEN,TE16,9,3 out of 5 stars,0
138,9,Noah Fant,SEA,TE17,11,2 out of 5 stars,39
139,9,Raheem Mostert,MIA,RB49,11,4 out of 5 stars,-13
140,9,Isaiah Spiller,LAC,RB50,8,2 out of 5 stars,-17
141,9,Kenny Golladay,NYG,WR56,9,4 out of 5 stars,6
142,9,Rondale Moore,ARI,WR57,13,2 out of 5 stars,10
143,9,DJ Chark Jr.,DET,WR58,6,3 out of 5 stars,20
144,9,Robert Tonyan,GB,TE18,14,1 out of 5 stars,39
145,9,Jameis Winston,NO,QB19,14,3 out of 5 stars,33
146,9,Tyler Allgeier,ATL,RB51,14,1 out of 5 stars,-6
147,9,Michael Gallup,DAL,WR59,9,3 out of 5 stars,12
148,9,David Njoku,CLE,TE19,9,4 out of 5 stars,27
149,9,Gerald Everett,LAC,TE20,8,4 out of 5 stars,49
150,9,Tyler Higbee,LAR,TE21,7,3 out of 5 stars,72
151,9,Matt Ryan,IND,QB20,14,3 out of 5 stars,17
152,9,George Pickens,PIT,WR60,9,4 out of 5 stars,-4
153,9,Brian Robinson Jr.,WAS,RB52,14,4 out of 5 stars,7
154,9,Jahan Dotson,WAS,WR61,14,4 out of 5 stars,37
155,9,Julio Jones,TB,WR62,11,4 out of 5 stars,-6
156,9,Ryan Tannehill,TEN,QB21,6,4 out of 5 stars,17
157,9,Rachaad White,TB,RB53,11,2 out of 5 stars,-27
158,9,Evan Engram,JAC,TE22,11,4 out of 5 stars,26
159,9,Buffalo Bills,BUF,DST1,7,4 out of 5 stars,-51
160,10,Tampa Bay Buccaneers,TB,DST2,11,4 out of 5 stars,-44
161,10,Austin Hooper,TEN,TE23,6,5 out of 5 stars,70
162,10,Corey Davis,NYJ,WR63,10,1 out of 5 stars,66
163,10,Mac Jones,NE,QB22,10,4 out of 5 stars,4
164,10,Gus Edwards,BAL,RB54,10,4 out of 5 stars,0
165,10,San Francisco 49ers,SF,DST3,9,4 out of 5 stars,-21
166,10,Marlon Mack,HOU,RB55,6,3 out of 5 stars,-31
167,10,Ronald Jones II,KC,RB56,8,3 out of 5 stars,-55
168,10,Robbie Anderson,CAR,WR64,13,3 out of 5 stars,61
169,10,Nico Collins,HOU,WR65,6,3 out of 5 stars,72
170,10,Indianapolis Colts,IND,DST4,14,3 out of 5 stars,-34
171,10,Darrel Williams,ARI,RB57,13,2 out of 5 stars,-1
172,10,Daniel Jones,NYG,QB23,9,5 out of 5 stars,74
173,10,Mecole Hardman,KC,WR66,8,2 out of 5 stars,-18
174,10,Sony Michel,MIA,RB58,11,4 out of 5 stars,2
175,10,Van Jefferson,LAR,WR67,7,2 out of 5 stars,32
176,10,Mark Ingram II,NO,RB59,14,3 out of 5 stars,-23
177,10,Justin Tucker,BAL,K1,10,3 out of 5 stars,-55
178,10,D'Onta Foreman,CAR,RB60,13,3 out of 5 stars,1
179,10,Jameson Williams,DET,WR68,6,3 out of 5 stars,-14
180,10,Denver Broncos,DEN,DST5,9,3 out of 5 stars,-14
181,10,New Orleans Saints,NO,DST6,14,3 out of 5 stars,-30
182,10,Logan Thomas,WAS,TE24,14,4 out of 5 stars,50
183,10,Marvin Jones Jr.,JAC,WR69,11,4 out of 5 stars,32
184,10,K.J. Osborn,MIN,WR70,7,2 out of 5 stars,41
185,10,Joshua Palmer,LAC,WR71,8,3 out of 5 stars,38
186,10,New England Patriots,NE,DST7,10,3 out of 5 stars,-14
187,10,Los Angeles Rams,LAR,DST8,7,3 out of 5 stars,-46
188,10,Hayden Hurst,CIN,TE25,10,2 out of 5 stars,32
189,10,Tyler Bass,BUF,K2,7,4 out of 5 stars,-35
190,10,Christian Watson,GB,WR72,14,3 out of 5 stars,-34
191,10,Matt Gay,LAR,K3,7,2 out of 5 stars,-41
192,10,Carson Wentz,WAS,QB24,14,4 out of 5 stars,13
193,10,Zach Wilson,NYJ,QB25,10,1 out of 5 stars,13
194,10,Jared Goff,DET,QB26,6,3 out of 5 stars,10
195,10,Los Angeles Chargers,LAC,DST9,8,4 out of 5 stars,-1
196,10,Zamir White,LV,RB61,6,2 out of 5 stars,-6
197,10,Daniel Carlson,LV,K4,6,2 out of 5 stars,-64
198,10,Wan'Dale Robinson,NYG,WR73,9,4 out of 5 stars,19
199,10,Dallas Cowboys,DAL,DST10,9,2 out of 5 stars,-53
200,11,Kendrick Bourne,NE,WR74,10,4 out of 5 stars,76
201,11,Evan McPherson,CIN,K5,10,0 out of 5 stars,-30
202,11,Donovan Peoples-Jones,CLE,WR75,9,4 out of 5 stars,37
203,11,Curtis Samuel,WAS,WR76,14,4 out of 5 stars,34
204,11,Jamison Crowder,BUF,WR77,7,4 out of 5 stars,30
205,11,Parris Campbell,IND,WR78,14,4 out of 5 stars,37
206,11,Green Bay Packers,GB,DST11,14,3 out of 5 stars,-17
207,11,KJ Hamler,DEN,WR79,9,4 out of 5 stars,44
208,11,Miami Dolphins,MIA,DST12,11,3 out of 5 stars,-12
209,11,Baker Mayfield,CAR,QB27,13,3 out of 5 stars,-8
210,11,Kansas City Chiefs,KC,DST13,8,3 out of 5 stars,25
211,11,Davis Mills,HOU,QB28,6,4 out of 5 stars,33
212,11,Jalen Tolbert,DAL,WR80,9,3 out of 5 stars,-38
213,11,Ryan Succop,TB,K6,11,1 out of 5 stars,-11
214,11,Kenyan Drake,LV,RB62,6,2 out of 5 stars,-5
215,11,Boston Scott,PHI,RB63,7,3 out of 5 stars,80
216,11,Cleveland Browns,CLE,DST14,9,4 out of 5 stars,10
217,11,David Bell,CLE,WR81,9,4 out of 5 stars,54
218,11,Matt Prater,ARI,K7,13,2 out of 5 stars,-31
219,11,A.J. Green,ARI,WR82,13,2 out of 5 stars,61
220,11,Brevin Jordan,HOU,TE26,6,3 out of 5 stars,48
221,11,Harrison Butker,KC,K8,8,5 out of 5 stars,-78
222,11,Sterling Shepard,NYG,WR83,9,4 out of 5 stars,78
223,11,Isaiah McKenzie,BUF,WR84,7,4 out of 5 stars,-28
224,11,Baltimore Ravens,BAL,DST15,10,4 out of 5 stars,-38
225,11,Laviska Shenault Jr.,JAC,WR85,11,4 out of 5 stars,47
226,11,Younghoe Koo,ATL,K9,14,1 out of 5 stars,-34
227,11,Rodrigo Blankenship,IND,K10,14,4 out of 5 stars,-34
228,11,Chuba Hubbard,CAR,RB64,13,3 out of 5 stars,-17
229,11,Philadelphia Eagles,PHI,DST16,7,2 out of 5 stars,9
230,11,Jason Sanders,MIA,K11,11,1 out of 5 stars,15
231,11,Pittsburgh Steelers,PIT,DST17,9,5 out of 5 stars,-34
232,11,Samaje Perine,CIN,RB65,10,3 out of 5 stars,11
233,11,Jonnu Smith,NE,TE27,10,4 out of 5 stars,42
234,11,Alec Pierce,IND,WR86,14,4 out of 5 stars,-10
235,11,Tyrion Davis-Price,SF,RB66,9,2 out of 5 stars,-32
236,11,Terrace Marshall Jr.,CAR,WR87,13,3 out of 5 stars,48
237,11,Brandon McManus,DEN,K12,9,4 out of 5 stars,-29
238,11,Nick Folk,NE,K13,10,5 out of 5 stars,-39
239,11,Robbie Gould,SF,K14,9,3 out of 5 stars,-29
240,11,Trey Sermon,SF,RB67,9,2 out of 5 stars,-24
241,11,Damien Williams,ATL,RB68,14,1 out of 5 stars,16
242,11,Jake Elliott,PHI,K15,7,2 out of 5 stars,10
243,11,Deshaun Watson,CLE,QB29,9,4 out of 5 stars,-86
244,11,D'Ernest Johnson,CLE,RB69,9,3 out of 5 stars,-17
245,11,Arizona Cardinals,ARI,DST18,13,3 out of 5 stars,79
246,11,Romeo Doubs,GB,WR88,14,3 out of 5 stars,-65
247,11,Isiah Pacheco,KC,RB70,8,3 out of 5 stars,-47
248,11,Byron Pringle,CHI,WR89,14,3 out of 5 stars,90
249,11,Mo Alie-Cox,IND,TE28,14,2 out of 5 stars,52
250,12,Dustin Hopkins,LAC,K16,8,5 out of 5 stars,-37
251,12,Marcus Mariota,ATL,QB30,14,3 out of 5 stars,42
252,12,Tennessee Titans,TEN,DST19,6,2 out of 5 stars,-12
253,12,Zay Jones,JAC,WR90,11,4 out of 5 stars,37
254,12,Cincinnati Bengals,CIN,DST20,10,4 out of 5 stars,11
255,12,Adam Trautman,NO,TE29,14,4 out of 5 stars,51
256,12,Jeff Wilson Jr.,SF,RB71,9,2 out of 5 stars,0
257,12,Greg Zuerlein,NYJ,K17,10,0 out of 5 stars,-10
258,12,Jerick McKinnon,KC,RB72,8,3 out of 5 stars,-22
259,12,Braxton Berrios,NYJ,WR91,10,1 out of 5 stars,113
260,12,Carolina Panthers,CAR,DST21,13,4 out of 5 stars,13
261,12,Chris Boswell,PIT,K18,9,3 out of 5 stars,-31
262,12,Mitch Trubisky,PIT,QB31,9,3 out of 5 stars,29
263,12,Minnesota Vikings,MIN,DST22,7,2 out of 5 stars,-8
264,12,Randall Cobb,GB,WR92,14,3 out of 5 stars,34
265,12,Wil Lutz,NO,K19,14,4 out of 5 stars,-47
266,12,Zack Moss,BUF,RB73,7,4 out of 5 stars,83
267,12,Rex Burkhead,HOU,RB74,6,3 out of 5 stars,10
268,12,Bryan Edwards,ATL,WR93,14,4 out of 5 stars,36
269,12,Myles Gaskin,MIA,RB75,11,4 out of 5 stars,-10
270,12,Dan Arnold,JAC,TE30,11,4 out of 5 stars,100
271,12,Mike Davis,BAL,RB76,10,4 out of 5 stars,-22
272,12,William Fuller V,FA,WR94,-,-,-12
273,12,Mason Crosby,GB,K20,14,4 out of 5 stars,93
274,12,C.J. Uzomah,NYJ,TE31,10,3 out of 5 stars,9
275,12,Chicago Bears,CHI,DST23,14,1 out of 5 stars,-42
276,12,Marquez Callaway,NO,WR95,14,4 out of 5 stars,16
277,12,Matt Breida,NYG,RB77,9,3 out of 5 stars,-24
278,12,Washington Commanders,WAS,DST24,14,1 out of 5 stars,-17
279,12,Graham Gano,NYG,K21,9,1 out of 5 stars,108
280,12,Sammy Watkins,GB,WR96,14,3 out of 5 stars,-95
281,12,Cedrick Wilson Jr.,MIA,WR97,11,2 out of 5 stars,8
282,12,Odell Beckham Jr.,FA,WR98,-,-,-63
283,12,Cameron Brate,TB,TE32,11,3 out of 5 stars,-101
284,12,Eno Benjamin,ARI,RB78,13,2 out of 5 stars,-30
285,12,New York Giants,NYG,DST25,9,2 out of 5 stars,-15
286,12,Greg Joseph,MIN,K22,7,0 out of 5 stars,-65
287,12,Jason Myers,SEA,K23,11,5 out of 5 stars,-
288,12,Nelson Agholor,NE,WR99,10,4 out of 5 stars,68
289,12,Phillip Lindsay,IND,RB79,14,3 out of 5 stars,5
290,12,Seattle Seahawks,SEA,DST26,11,3 out of 5 stars,-3
291,12,Trey McBride,ARI,TE33,13,3 out of 5 stars,-3
292,12,Randy Bullock,TEN,K24,6,3 out of 5 stars,83
293,12,Ke'Shawn Vaughn,TB,RB80,11,2 out of 5 stars,3
294,12,Cairo Santos,CHI,K25,14,3 out of 5 stars,61
295,12,New York Jets,NYJ,DST27,10,4 out of 5 stars,-14
296,12,Tre'Quan Smith,NO,WR100,14,4 out of 5 stars,75
297,12,O.J. Howard,BUF,TE34,7,3 out of 5 stars,32
298,12,Hassan Haskins,TEN,RB81,6,4 out of 5 stars,-50
299,12,Ka'imi Fairbairn,HOU,K26,6,4 out of 5 stars,-
300,12,Josh Reynolds,DET,WR101,6,3 out of 5 stars,25
301,13,Jacksonville Jaguars,JAC,DST28,11,2 out of 5 stars,-
302,13,Drew Lock,SEA,QB32,11,3 out of 5 stars,63
303,13,Joshua Kelley,LAC,RB82,8,2 out of 5 stars,101
304,13,Darius Slayton,NYG,WR102,9,4 out of 5 stars,91
305,13,Ty Johnson,NYJ,RB83,10,4 out of 5 stars,75
306,13,Kenny Pickett,PIT,QB33,9,3 out of 5 stars,-20
307,13,Chris Evans,CIN,RB84,10,3 out of 5 stars,-22
308,13,Kyren Williams,LAR,RB85,7,2 out of 5 stars,18
309,13,Pierre Strong Jr.,NE,RB86,10,4 out of 5 stars,1
310,13,Quez Watkins,PHI,WR103,7,4 out of 5 stars,57
311,13,Dyami Brown,WAS,WR104,14,4 out of 5 stars,85
312,13,Kyle Rudolph,TB,TE35,11,3 out of 5 stars,-62
313,13,Jalen Reagor,PHI,WR105,7,4 out of 5 stars,-
314,13,Giovani Bernard,TB,RB87,11,2 out of 5 stars,59
315,13,Jimmy Garoppolo,SF,QB34,9,3 out of 5 stars,-36
316,13,Quintez Cephus,DET,WR106,6,3 out of 5 stars,-
317,13,Darrynton Evans,CHI,RB88,14,5 out of 5 stars,-
318,13,Emmanuel Sanders,FA,WR107,-,-,34
319,13,Jacoby Brissett,CLE,QB35,9,4 out of 5 stars,-1
320,13,Velus Jones Jr.,CHI,WR108,14,3 out of 5 stars,-3
321,13,Justin Jackson,DET,RB89,6,4 out of 5 stars,-
322,13,Devin Duvernay,BAL,WR109,10,3 out of 5 stars,-55
323,13,Salvon Ahmed,MIA,RB90,11,4 out of 5 stars,-
324,13,Chase McLaughlin,FA,K27,-,-,-
325,13,Greg Dulcich,DEN,TE36,9,3 out of 5 stars,-13
326,13,Duke Johnson Jr.,BUF,RB91,7,4 out of 5 stars,-3
327,13,Tyler Badie,BAL,RB92,10,4 out of 5 stars,-58
328,13,Geno Smith,SEA,QB36,11,3 out of 5 stars,16
329,13,Nick Westbrook-Ikhine,TEN,WR110,6,3 out of 5 stars,-14
330,13,Tevin Coleman,NYJ,RB93,10,4 out of 5 stars,48
331,13,Cole Beasley,FA,WR111,-,-,20
332,13,Josh Lambo,FA,K28,-,-,-
333,13,Tyler Conklin,NYJ,TE37,10,3 out of 5 stars,15
334,13,Daniel Bellinger,NYG,TE38,9,4 out of 5 stars,-23
335,13,Jerome Ford,CLE,RB94,9,3 out of 5 stars,-
336,13,Harrison Bryant,CLE,TE39,9,4 out of 5 stars,-
337,13,Tyquan Thornton,NE,WR112,10,4 out of 5 stars,-71
338,13,Snoop Conner,JAC,RB95,11,3 out of 5 stars,-7
339,13,Jaret Patterson,WAS,RB96,14,4 out of 5 stars,24
340,13,Tommy Tremble,CAR,TE40,13,3 out of 5 stars,19
341,13,Sam Darnold,CAR,QB37,13,3 out of 5 stars,38
342,13,Dontrell Hilliard,TEN,RB97,6,4 out of 5 stars,-60
343,13,Ricky Seals-Jones,NYG,TE41,9,4 out of 5 stars,-22
344,13,Kyle Philips,TEN,WR113,6,3 out of 5 stars,-25
345,13,David Johnson,FA,RB98,-,-,-17
346,13,Malcolm Brown,FA,RB99,-,-,-
347,13,Jared Cook,FA,TE42,-,-,27
348,13,Desmond Ridder,ATL,QB38,14,3 out of 5 stars,-34
349,13,Donald Parham Jr.,LAC,TE43,8,4 out of 5 stars,54
350,13,Las Vegas Raiders,LV,DST29,6,3 out of 5 stars,-136
351,13,Anthony Firkser,ATL,TE44,14,2 out of 5 stars,-
352,14,Devontae Booker,FA,RB100,-,-,1
353,14,T.Y. Hilton,FA,WR114,-,-,7
354,14,Jalen Guyton,LAC,WR115,8,3 out of 5 stars,-51
355,14,Latavius Murray,FA,RB101,-,-,7
356,14,James Proche II,BAL,WR116,10,3 out of 5 stars,-13
357,14,Cade York,CLE,K29,9,3 out of 5 stars,-93
358,14,Detroit Lions,DET,DST30,6,2 out of 5 stars,-95
359,14,Cade Otton,TB,TE45,11,3 out of 5 stars,-39
360,14,Demarcus Robinson,BAL,WR117,10,3 out of 5 stars,-44
361,14,James Washington,DAL,WR118,9,3 out of 5 stars,-48
362,14,Jelani Woods,IND,TE46,14,2 out of 5 stars,-55
363,14,Atlanta Falcons,ATL,DST31,14,5 out of 5 stars,-105
364,14,Calvin Austin III,PIT,WR119,9,4 out of 5 stars,-29
365,14,John Metchie III,HOU,WR120,6,3 out of 5 stars,-63
366,14,Keaontay Ingram,ARI,RB102,13,2 out of 5 stars,-104
367,14,Khalil Shakir,BUF,WR121,7,4 out of 5 stars,18
368,14,Devonta Freeman,FA,RB103,-,-,-11
369,14,Ameer Abdullah,LV,RB104,6,2 out of 5 stars,19
370,14,Amari Rodgers,GB,WR122,14,3 out of 5 stars,-71
371,14,Olamide Zaccheaus,ATL,WR123,14,4 out of 5 stars,-35
372,14,Danny Gray,SF,WR124,9,3 out of 5 stars,18
373,14,Foster Moreau,LV,TE47,6,2 out of 5 stars,-64
374,14,Jonathan Garibay,FA,K30,-,-,-96
375,14,Wayne Gallman Jr.,FA,RB105,-,-,-7
376,14,Houston Texans,HOU,DST32,6,4 out of 5 stars,-
377,14,John Bates,WAS,TE48,14,4 out of 5 stars,-
378,14,Laquon Treadwell,JAC,WR125,11,4 out of 5 stars,-
379,14,Noah Brown,DAL,WR126,9,3 out of 5 stars,-
380,14,Tyler Johnson,TB,WR127,11,4 out of 5 stars,-
381,14,Ty Montgomery,NE,RB106,10,4 out of 5 stars,-
382,14,DeeJay Dallas,SEA,RB107,11,2 out of 5 stars,19
383,14,Kylen Granson,IND,TE49,14,2 out of 5 stars,-
384,14,Kene Nwangwu,MIN,RB108,7,4 out of 5 stars,22
385,14,Jauan Jennings,SF,WR128,9,3 out of 5 stars,-52
386,14,Anthony Schwartz,CLE,WR129,9,4 out of 5 stars,-
387,14,Taysom Hill,NO,QB39,14,3 out of 5 stars,-175
388,14,Jaylen Warren,PIT,RB109,9,3 out of 5 stars,-
389,14,Josiah Deguara,GB,TE50,14,1 out of 5 stars,-59
390,14,Joey Slye,WAS,K31,14,4 out of 5 stars,-116
391,14,Equanimeous St. Brown,CHI,WR130,14,3 out of 5 stars,3
392,14,Deonte Harty,NO,WR131,14,4 out of 5 stars,-9
393,14,Dee Eskridge,SEA,WR132,11,4 out of 5 stars,12
394,14,Tutu Atwell,LAR,WR133,7,2 out of 5 stars,6
395,14,Rashard Higgins,CAR,WR134,13,3 out of 5 stars,-73
396,14,Malik Willis,TEN,QB40,6,4 out of 5 stars,-59
397,14,Tylan Wallace,BAL,WR135,10,3 out of 5 stars,-
398,14,Antonio Brown,FA,WR136,-,-,-64
399,14,Isaiah Likely,BAL,TE51,10,2 out of 5 stars,0
400,14,Derrick Gore,KC,RB110,8,3 out of 5 stars,-31
401,14,Teddy Bridgewater,MIA,QB41,11,2 out of 5 stars,-
402,14,Zane Gonzalez,CAR,K32,13,4 out of 5 stars,-
403,14,Chris Conley,HOU,WR137,6,3 out of 5 stars,-
404,14,Pharaoh Brown,HOU,TE52,6,3 out of 5 stars,6
405,14,Trestan Ebner,CHI,RB111,14,5 out of 5 stars,-
406,14,Benny Snell Jr.,PIT,RB112,9,3 out of 5 stars,-8
407,14,Tristan Vizcaino,NE,K33,10,5 out of 5 stars,-
408,14,Juwan Johnson,NO,TE53,14,4 out of 5 stars,-19
409,14,Anthony McFarland Jr.,PIT,RB113,9,3 out of 5 stars,-16
410,14,Eric Ebron,FA,TE54,-,-,-
411,14,Craig Reynolds,DET,RB114,6,4 out of 5 stars,-
412,15,Ashton Dulin,IND,WR138,14,4 out of 5 stars,-
413,15,Abram Smith,NO,RB115,14,3 out of 5 stars,-116
414,15,Keelan Cole Sr.,LV,WR139,6,2 out of 5 stars,-
415,15,Zach Pascal,PHI,WR140,7,4 out of 5 stars,-57
416,15,Tarik Cohen,FA,RB116,-,-,-
417,15,Austin Seibert,DET,K34,6,3 out of 5 stars,-
418,15,Ben Skowronek,LAR,WR141,7,2 out of 5 stars,-
419,15,Ryan Santoso,JAC,K35,11,4 out of 5 stars,-
420,15,Tony Jones Jr.,NO,RB117,14,3 out of 5 stars,-112
421,15,Jeremy Ruckert,NYJ,TE55,10,3 out of 5 stars,-
422,15,Blake Jarwin,FA,TE56,-,-,-
423,15,Travis Homer,SEA,RB118,11,2 out of 5 stars,-
424,15,Carlos Hyde,FA,RB119,-,-,-
425,15,Antoine Wesley,ARI,WR142,13,2 out of 5 stars,-
426,15,Riley Patterson,DET,K36,6,3 out of 5 stars,-
427,15,Brett Maher,DAL,K37,9,5 out of 5 stars,-
428,15,N'Keal Harry,CHI,WR143,14,3 out of 5 stars,-86
429,15,Jamal Agnew,JAC,WR144,11,4 out of 5 stars,-
430,15,Auden Tate,ATL,WR145,14,4 out of 5 stars,-
431,15,Geoff Swaim,TEN,TE57,6,5 out of 5 stars,-
432,15,Jordan Akins,NYG,TE58,9,4 out of 5 stars,-
433,15,Will Dissly,SEA,TE59,11,2 out of 5 stars,-
434,15,Matt Corral,CAR,QB42,13,3 out of 5 stars,-25
435,15,JaMycal Hasty,SF,RB120,9,2 out of 5 stars,-
436,15,Mack Hollins,LV,WR146,6,2 out of 5 stars,-
437,15,Jordan Howard,FA,RB121,-,-,-76
438,15,Mike Boone,DEN,RB122,9,3 out of 5 stars,-
439,15,Kalif Raymond,DET,WR147,6,3 out of 5 stars,-63
440,15,Kyle Juszczyk,SF,RB123,9,2 out of 5 stars,-
441,15,Freddie Swain,SEA,WR148,11,4 out of 5 stars,-
442,15,Phillip Dorsett II,HOU,WR149,6,3 out of 5 stars,-
443,15,Jake Ferguson,DAL,TE60,9,3 out of 5 stars,-
444,15,Tyler Huntley,BAL,QB43,10,2 out of 5 stars,-117
445,15,Simi Fehoko,DAL,WR150,9,3 out of 5 stars,-
446,15,Ian Thomas,CAR,TE61,13,3 out of 5 stars,-
447,15,Quinn Nordin,FA,K38,-,-,-
448,15,Joe Flacco,NYJ,QB44,10,1 out of 5 stars,-
449,15,Justyn Ross,KC,WR151,8,2 out of 5 stars,-144
450,15,Tyrell Williams,FA,WR152,-,-,-
451,15,Ihmir Smith-Marsette,MIN,WR153,7,2 out of 5 stars,-
452,15,Kevin Harris,NE,RB124,10,4 out of 5 stars,-
453,15,Scotty Miller,TB,WR154,11,4 out of 5 stars,-
454,15,Denzel Mims,NYJ,WR155,10,1 out of 5 stars,-
455,15,Jalen Wydermyer,NE,TE62,10,4 out of 5 stars,-
456,15,Kennedy Brooks,PHI,RB125,7,3 out of 5 stars,-
457,15,Qadree Ollison,ATL,RB126,14,1 out of 5 stars,-55
458,15,Chris Herndon IV,NO,TE63,14,4 out of 5 stars,-
459,15,Justice Hill,BAL,RB127,10,4 out of 5 stars,-
460,15,Durham Smythe,MIA,TE64,11,3 out of 5 stars,-
461,15,Patrick Ricard,BAL,RB128,10,4 out of 5 stars,-
462,15,Drew Sample,CIN,TE65,10,2 out of 5 stars,-
463,15,Demetric Felton Jr.,CLE,RB129,9,3 out of 5 stars,-
464,15,Le'Veon Bell,FA,RB130,-,-,-
465,15,Tajae Sharpe,CHI,WR156,14,3 out of 5 stars,-
466,15,Jermar Jefferson,DET,RB131,6,4 out of 5 stars,-
467,15,Dez Fitzpatrick,TEN,WR157,6,3 out of 5 stars,-
468,15,Ryquell Armstead,JAC,RB132,11,3 out of 5 stars,-
469,15,Breshad Perriman,TB,WR158,11,4 out of 5 stars,-87
470,15,Ty Chandler,MIN,RB133,7,4 out of 5 stars,-
471,15,Brandon Bolden,LV,RB134,6,2 out of 5 stars,-94
472,15,Tyrod Taylor,NYG,QB45,9,5 out of 5 stars,-
473,15,J.J. Taylor,NE,RB135,10,4 out of 5 stars,-
474,15,Trayveon Williams,CIN,RB136,10,3 out of 5 stars,-
475,15,Miles Boykin,PIT,WR159,9,4 out of 5 stars,-
476,15,Kylin Hill,GB,RB137,14,3 out of 5 stars,-
477,15,Justin Watson,KC,WR160,8,2 out of 5 stars,-
478,15,Dare Ogunbowale,HOU,RB138,6,3 out of 5 stars,-
479,15,Damiere Byrd,ATL,WR161,14,4 out of 5 stars,-
480,15,Ryan Griffin,CHI,TE66,14,5 out of 5 stars,-
481,15,Zach Gentry,PIT,TE67,9,4 out of 5 stars,-
482,15,Montrell Washington,DEN,WR162,9,4 out of 5 stars,-
483,15,Maxx Williams,ARI,TE68,13,3 out of 5 stars,-
484,15,Tyler Kroft,SF,TE69,9,4 out of 5 stars,-
485,15,Chris Moore,HOU,WR163,6,3 out of 5 stars,-
486,15,Jacob Harris,LAR,TE70,7,3 out of 5 stars,-
487,15,Travis Fulgham,GB,WR164,14,3 out of 5 stars,-
488,15,Blake Bell,KC,TE71,8,3 out of 5 stars,-
489,15,James O'Shaughnessy,CHI,TE72,14,5 out of 5 stars,-
490,15,Jeremy McNichols,PIT,RB139,9,3 out of 5 stars,-
491,15,Kendall Blanton,LAR,TE73,7,3 out of 5 stars,-
492,15,Preston Williams,MIA,WR165,11,2 out of 5 stars,-
493,15,Trent Sherfield,MIA,WR166,11,2 out of 5 stars,-
494,15,Nick Vannett,NO,TE74,14,4 out of 5 stars,-
495,15,Dezmon Patmon,IND,WR167,14,4 out of 5 stars,-
496,15,Marcedes Lewis,GB,TE75,14,1 out of 5 stars,-
497,16,Collin Johnson,NYG,WR168,9,4 out of 5 stars,-
498,16,Devin Funchess,DET,WR169,6,3 out of 5 stars,-
499,16,Jimmy Graham,FA,TE76,-,-,-
500,16,Albert Wilson,MIN,WR170,7,2 out of 5 stars,-
501,16,Mike Thomas,CIN,WR171,10,3 out of 5 stars,-
502,16,Lirim Hajrullahu,DAL,K39,9,5 out of 5 stars,-105
503,16,Chigoziem Okonkwo,TEN,TE77,6,5 out of 5 stars,-
504,16,Marcus Johnson,SF,WR172,9,3 out of 5 stars,-
505,16,Tre' McKitty,LAC,TE78,8,4 out of 5 stars,-
506,16,Keke Coutee,IND,WR173,14,4 out of 5 stars,-
507,16,Charlie Kolar,BAL,TE79,10,2 out of 5 stars,-
508,16,Dante Pettis,CHI,WR174,14,3 out of 5 stars,-
509,16,Hunter Long,MIA,TE80,11,3 out of 5 stars,-
510,16,Sam Howell,WAS,QB46,14,4 out of 5 stars,-
511,16,Bisi Johnson,MIN,WR175,7,2 out of 5 stars,-
512,16,Andrew Jacas,SF,K40,9,3 out of 5 stars,-
513,16,David Moore,CHI,WR176,14,3 out of 5 stars,-
514,16,Jashaun Corbin,NYG,RB140,9,3 out of 5 stars,-
515,16,Jacob Hollister,LV,TE81,6,2 out of 5 stars,-
516,16,Nick Boyle,BAL,TE82,10,2 out of 5 stars,-
517,16,Larry Rountree III,LAC,RB141,8,2 out of 5 stars,-
518,16,Gardner Minshew II,PHI,QB47,7,4 out of 5 stars,-
519,16,Chris Manhertz,JAC,TE83,11,4 out of 5 stars,-
520,16,Chester Rogers,HOU,WR177,6,3 out of 5 stars,-
521,16,Noah Gray,KC,TE84,8,3 out of 5 stars,-
522,16,Cam Sims,WAS,WR178,14,4 out of 5 stars,-183
523,16,Royce Freeman,HOU,RB142,6,3 out of 5 stars,-
524,16,Alec Ingold,MIA,RB143,11,4 out of 5 stars,-
525,16,Jalen Nailor,MIN,WR179,7,2 out of 5 stars,-179
526,16,Jordan Love,GB,QB48,14,2 out of 5 stars,-118
527,16,Marquise Goodwin,SEA,WR180,11,4 out of 5 stars,-173
528,16,Eddy Pineiro,NYJ,K41,10,0 out of 5 stars,-
529,16,Cyril Grayson Jr.,TB,WR181,11,4 out of 5 stars,-
530,16,Jerrion Ealy,KC,RB144,8,3 out of 5 stars,-198
531,16,Andy Dalton,NO,QB49,14,3 out of 5 stars,-145
532,16,Ross Dwelley,SF,TE85,9,4 out of 5 stars,-
533,16,Ray-Ray McCloud,SF,WR182,9,3 out of 5 stars,-
534,16,Cole Turner,WAS,TE86,14,4 out of 5 stars,-
535,16,Zonovan Knight,NYJ,RB145,10,4 out of 5 stars,-
536,16,Jaelon Darden,TB,WR183,11,4 out of 5 stars,-196
537,16,La'Mical Perine,NYJ,RB146,10,4 out of 5 stars,-
538,16,Julius Chestnut,TEN,RB147,6,4 out of 5 stars,-
539,16,C.J. Ham,MIN,RB148,7,4 out of 5 stars,-
540,16,Taylor Heinicke,WAS,QB50,14,4 out of 5 stars,-
541,16,Sincere McCormick,LV,RB149,6,2 out of 5 stars,-
542,16,Carlos Martinez,DAL,K42,9,5 out of 5 stars,-
543,16,Johnny Mundt,MIN,TE87,7,3 out of 5 stars,-
544,16,Rico Dowdle,DAL,RB150,9,4 out of 5 stars,-
545,16,Jakob Johnson,LV,RB151,6,2 out of 5 stars,-
546,16,Case Keenum,BUF,QB51,7,3 out of 5 stars,-
547,16,Gary Brightwell,NYG,RB152,9,3 out of 5 stars,-
548,16,Keith Smith,ATL,RB153,14,1 out of 5 stars,-
549,16,Josh Gordon,KC,WR184,8,2 out of 5 stars,-208
550,16,Brock Wright,DET,TE88,6,4 out of 5 stars,-
551,16,Godwin Igwebuike,DET,RB154,6,4 out of 5 stars,-
552,16,Mason Rudolph,PIT,QB52,9,3 out of 5 stars,-
553,16,DeSean Jackson,FA,WR185,-,-,-